"vessel","cruise","haul","species","area","sex","length","specimen","weight","age","latitude","longitude","date_collected","Age_Method"
"176",202101,54,21740,0.00,2,140.00,101,18.00,1,54.63,-158.89,"2021-06-19 00:00:00","S"
"176",202101,57,21740,0.00,2,550.00,103,1203.00,9,54.71,-158.09,"2021-06-19 00:00:00","B"
"176",202101,76,21740,0.00,1,450.00,126,778.00,6,56.22,-158.28,"2021-06-24 00:00:00","B"
"176",202101,80,21740,0.00,1,470.00,128,624.00,7,56.73,-156.71,"2021-06-25 00:00:00","B"
"176",202101,41,21740,0.00,1,530.00,88,1284.00,,54.98,-160.62,"2021-06-16 00:00:00",
"176",202101,41,21740,0.00,2,540.00,90,1264.00,9,54.98,-160.62,"2021-06-16 00:00:00","B"
"176",202101,41,21740,0.00,2,520.00,92,1190.00,9,54.98,-160.62,"2021-06-16 00:00:00","B"
"176",202101,81,21740,0.00,2,480.00,133,845.00,4,56.71,-156.64,"2021-06-25 00:00:00","S"
"176",202101,81,21740,0.00,2,470.00,135,899.00,3,56.71,-156.64,"2021-06-25 00:00:00","B"
"176",202101,82,21740,0.00,1,430.00,137,620.00,4,56.72,-156.51,"2021-06-25 00:00:00","S"
"176",202101,83,21740,0.00,2,440.00,142,557.00,4,56.15,-156.11,"2021-06-26 00:00:00","S"
"176",202101,83,21740,0.00,2,170.00,144,28.00,1,56.15,-156.11,"2021-06-26 00:00:00","S"
"176",202101,92,21740,0.00,2,530.00,167,1078.00,8,55.59,-155.53,"2021-06-28 00:00:00","B"
"176",202101,92,21740,0.00,2,570.00,169,1258.00,9,55.59,-155.53,"2021-06-28 00:00:00","B"
"176",202101,93,21740,0.00,1,480.00,176,902.00,10,55.61,-155.50,"2021-06-28 00:00:00","B"
"176",202101,93,21740,0.00,2,480.00,178,779.00,5,55.61,-155.50,"2021-06-28 00:00:00","B"
"176",202101,114,21740,0.00,1,500.00,191,761.00,9,56.93,-152.46,"2021-07-03 00:00:00","B"
"176",202101,114,21740,0.00,2,410.00,193,536.00,4,56.93,-152.46,"2021-07-03 00:00:00","B"
"176",202101,115,21740,0.00,2,420.00,200,520.00,4,57.00,-152.74,"2021-07-03 00:00:00","S"
"176",202101,116,21740,0.00,2,470.00,202,946.00,4,57.03,-152.79,"2021-07-03 00:00:00","S"
"176",202101,127,21740,0.00,1,170.00,235,40.00,1,57.72,-155.50,"2021-07-06 00:00:00","S"
"176",202101,128,21740,0.00,2,380.00,237,514.00,3,57.69,-155.49,"2021-07-06 00:00:00","B"
"176",202101,129,21740,0.00,2,370.00,242,342.00,4,57.66,-154.95,"2021-07-06 00:00:00","B"
"176",202101,129,21740,0.00,1,480.00,244,776.00,4,57.66,-154.95,"2021-07-06 00:00:00","S"
"176",202101,137,21740,0.00,2,350.00,267,432.00,2,57.97,-154.34,"2021-07-07 00:00:00","B"
"176",202101,137,21740,0.00,2,470.00,269,946.00,5,57.97,-154.34,"2021-07-07 00:00:00","B"
"176",202101,144,21740,0.00,1,340.00,306,302.00,2,58.14,-152.16,"2021-07-10 00:00:00","S"
"176",202101,144,21740,0.00,1,320.00,308,260.00,2,58.14,-152.16,"2021-07-10 00:00:00","S"
"176",202101,143,21740,0.00,2,450.00,301,774.00,3,58.10,-152.09,"2021-07-10 00:00:00","S"
"176",202101,143,21740,0.00,1,380.00,303,402.00,3,58.10,-152.09,"2021-07-10 00:00:00","S"
"176",202101,145,21740,0.00,1,380.00,320,439.00,3,58.32,-154.08,"2021-07-11 00:00:00","S"
"176",202101,149,21740,0.00,1,510.00,323,1061.00,6,58.57,-153.33,"2021-07-12 00:00:00","B"
"176",202101,155,21740,0.00,2,170.00,351,35.00,1,59.41,-153.15,"2021-07-13 00:00:00","S"
"176",202101,156,21740,0.00,2,580.00,352,1428.00,9,59.66,-152.60,"2021-07-13 00:00:00","B"
"176",202101,159,21740,0.00,1,140.00,360,14.00,1,59.79,-152.90,"2021-07-14 00:00:00","S"
"176",202101,159,21740,0.00,2,140.00,362,20.00,1,59.79,-152.90,"2021-07-14 00:00:00","S"
"176",202101,159,21740,0.00,1,140.00,359,15.00,1,59.79,-152.90,"2021-07-14 00:00:00","S"
"176",202101,181,21740,0.00,2,560.00,399,1225.00,9,58.19,-148.82,"2021-07-18 00:00:00","B"
"176",202101,181,21740,0.00,2,460.00,401,804.00,4,58.19,-148.82,"2021-07-18 00:00:00","B"
"176",202101,181,21740,0.00,2,550.00,403,1118.00,9,58.19,-148.82,"2021-07-18 00:00:00","S"
"176",202101,180,21740,0.00,2,240.00,398,85.00,1,58.16,-148.88,"2021-07-18 00:00:00","S"
"176",202101,183,21740,0.00,2,420.00,405,603.00,4,58.14,-149.84,"2021-07-19 00:00:00","S"
"176",202101,194,21740,0.00,1,170.00,427,40.00,1,58.67,-148.81,"2021-07-22 00:00:00","S"
"176",202101,198,21740,0.00,2,170.00,429,25.00,1,58.66,-150.01,"2021-07-22 00:00:00","S"
"176",202101,206,21740,0.00,2,410.00,452,534.00,3,59.09,-150.84,"2021-07-24 00:00:00","S"
"176",202101,208,21740,0.00,1,540.00,454,1025.00,9,58.56,-150.71,"2021-07-25 00:00:00","V"
"176",202101,209,21740,0.00,2,550.00,461,1019.00,10,58.66,-150.41,"2021-07-25 00:00:00","V"
"176",202101,210,21740,0.00,1,410.00,463,592.00,4,58.70,-150.42,"2021-07-25 00:00:00","S"
"176",202101,225,21740,0.00,1,230.00,491,79.00,2,59.63,-149.88,"2021-07-28 00:00:00","S"
"176",202101,226,21740,0.00,1,450.00,493,692.00,5,59.63,-149.86,"2021-07-28 00:00:00","S"
"176",202101,57,21740,0.00,2,540.00,105,1066.00,9,54.71,-158.09,"2021-06-19 00:00:00","B"
"176",202101,61,21740,0.00,2,160.00,110,22.00,1,55.43,-157.10,"2021-06-20 00:00:00","S"
"176",202101,76,21740,0.00,2,520.00,122,946.00,9,56.22,-158.28,"2021-06-24 00:00:00","B"
"176",202101,76,21740,0.00,1,520.00,124,947.00,9,56.22,-158.28,"2021-06-24 00:00:00","B"
"176",202101,41,21740,0.00,2,520.00,94,1000.00,4,54.98,-160.62,"2021-06-16 00:00:00","S"
"176",202101,41,21740,0.00,2,490.00,96,1051.00,4,54.98,-160.62,"2021-06-16 00:00:00","S"
"176",202101,13,21740,0.00,2,560.00,13,1340.00,8,53.69,-165.25,"2021-06-09 00:00:00","B"
"176",202101,13,21740,0.00,2,580.00,15,1266.00,7,53.69,-165.25,"2021-06-09 00:00:00","B"
"176",202101,83,21740,0.00,1,170.00,146,32.00,1,56.15,-156.11,"2021-06-26 00:00:00","S"
"176",202101,84,21740,0.00,2,490.00,148,937.00,4,55.93,-156.66,"2021-06-26 00:00:00","S"
"176",202101,88,21740,0.00,1,150.00,163,23.00,1,55.57,-156.82,"2021-06-27 00:00:00","S"
"176",202101,88,21740,0.00,1,150.00,165,24.00,1,55.57,-156.82,"2021-06-27 00:00:00","S"
"176",202101,93,21740,0.00,2,440.00,180,582.00,5,55.61,-155.50,"2021-06-28 00:00:00","S"
"176",202101,96,21740,0.00,2,500.00,182,823.00,4,55.75,-155.95,"2021-06-29 00:00:00","S"
"176",202101,100,21740,0.00,2,460.00,187,752.00,4,56.39,-155.46,"2021-06-29 00:00:00","S"
"176",202101,100,21740,0.00,2,570.00,189,1346.00,5,56.39,-155.46,"2021-06-29 00:00:00","B"
"176",202101,116,21740,0.00,2,390.00,204,509.00,4,57.03,-152.79,"2021-07-03 00:00:00","B"
"176",202101,124,21740,0.00,2,430.00,216,688.00,4,56.82,-155.80,"2021-07-05 00:00:00","S"
"176",202101,127,21740,0.00,2,200.00,231,62.00,1,57.72,-155.50,"2021-07-06 00:00:00","S"
"176",202101,127,21740,0.00,2,200.00,233,58.00,1,57.72,-155.50,"2021-07-06 00:00:00","S"
"176",202101,130,21740,0.00,1,550.00,246,1263.00,8,57.56,-154.88,"2021-07-06 00:00:00","B"
"176",202101,130,21740,0.00,2,480.00,248,841.00,4,57.56,-154.88,"2021-07-06 00:00:00","B"
"176",202101,136,21740,0.00,2,170.00,263,34.00,1,57.88,-154.93,"2021-07-07 00:00:00","S"
"176",202101,136,21740,0.00,2,530.00,265,1045.00,8,57.88,-154.93,"2021-07-07 00:00:00","B"
"176",202101,144,21740,0.00,1,330.00,310,320.00,3,58.14,-152.16,"2021-07-10 00:00:00","B"
"176",202101,144,21740,0.00,2,350.00,312,343.00,2,58.14,-152.16,"2021-07-10 00:00:00","S"
"176",202101,142,21740,0.00,2,580.00,297,1643.00,9,57.95,-151.72,"2021-07-10 00:00:00","B"
"176",202101,142,21740,0.00,2,490.00,299,1003.00,4,57.95,-151.72,"2021-07-10 00:00:00","S"
"176",202101,149,21740,0.00,1,400.00,325,470.00,3,58.57,-153.33,"2021-07-12 00:00:00","S"
"176",202101,150,21740,0.00,1,470.00,327,826.00,5,58.61,-153.09,"2021-07-12 00:00:00","B"
"176",202101,155,21740,0.00,1,160.00,347,29.00,1,59.41,-153.15,"2021-07-13 00:00:00","S"
"176",202101,155,21740,0.00,2,150.00,349,28.00,1,59.41,-153.15,"2021-07-13 00:00:00","S"
"176",202101,168,21740,0.00,1,500.00,374,946.00,9,58.12,-151.56,"2021-07-15 00:00:00","B"
"176",202101,168,21740,0.00,2,530.00,376,1229.00,5,58.12,-151.56,"2021-07-15 00:00:00","B"
"176",202101,177,21740,0.00,2,540.00,390,1331.00,9,57.92,-149.87,"2021-07-17 00:00:00","B"
"176",202101,177,21740,0.00,2,490.00,392,812.00,5,57.92,-149.87,"2021-07-17 00:00:00","B"
"176",202101,183,21740,0.00,1,460.00,407,775.00,3,58.14,-149.84,"2021-07-19 00:00:00","S"
"176",202101,193,21740,0.00,2,530.00,419,1345.00,6,58.60,-151.16,"2021-07-21 00:00:00","B"
"176",202101,198,21740,0.00,1,180.00,431,50.00,1,58.66,-150.01,"2021-07-22 00:00:00","S"
"176",202101,199,21740,0.00,1,380.00,433,416.00,4,59.24,-151.05,"2021-07-23 00:00:00","S"
"176",202101,206,21740,0.00,1,360.00,448,332.00,2,59.09,-150.84,"2021-07-24 00:00:00","V"
"176",202101,206,21740,0.00,2,440.00,450,639.00,3,59.09,-150.84,"2021-07-24 00:00:00","S"
"176",202101,210,21740,0.00,2,480.00,465,949.00,5,58.70,-150.42,"2021-07-25 00:00:00","S"
"176",202101,210,21740,0.00,2,500.00,467,983.00,4,58.70,-150.42,"2021-07-25 00:00:00","V"
"176",202101,221,21740,0.00,1,490.00,482,923.00,,59.49,-149.85,"2021-07-27 00:00:00",
"176",202101,225,21740,0.00,2,570.00,489,1504.00,10,59.63,-149.88,"2021-07-28 00:00:00","V"
"176",202101,228,21740,0.00,1,600.00,504,1430.00,8,59.70,-149.63,"2021-07-28 00:00:00","V"
"176",202101,228,21740,0.00,2,540.00,506,1307.00,5,59.70,-149.63,"2021-07-28 00:00:00","V"
"176",202101,232,21740,0.00,2,210.00,521,62.00,1,59.85,-148.85,"2021-07-29 00:00:00","S"
"176",202101,57,21740,0.00,2,560.00,102,1245.00,9,54.71,-158.09,"2021-06-19 00:00:00","B"
"176",202101,61,21740,0.00,2,160.00,108,24.00,1,55.43,-157.10,"2021-06-20 00:00:00","S"
"176",202101,75,21740,0.00,2,530.00,120,1138.00,6,55.99,-158.29,"2021-06-24 00:00:00","B"
"176",202101,80,21740,0.00,2,530.00,127,892.00,9,56.73,-156.71,"2021-06-25 00:00:00","B"
"176",202101,41,21740,0.00,1,480.00,89,828.00,9,54.98,-160.62,"2021-06-16 00:00:00","B"
"176",202101,5,21740,0.00,1,330.00,4,283.00,3,53.10,-167.68,"2021-06-08 00:00:00","S"
"176",202101,13,21740,0.00,2,530.00,11,939.00,9,53.69,-165.25,"2021-06-09 00:00:00","B"
"176",202101,81,21740,0.00,2,410.00,134,524.00,3,56.71,-156.64,"2021-06-25 00:00:00","S"
"176",202101,83,21740,0.00,1,350.00,145,298.00,4,56.15,-156.11,"2021-06-26 00:00:00","S"
"176",202101,87,21740,0.00,1,540.00,152,1240.00,5,55.59,-156.72,"2021-06-26 00:00:00","B"
"176",202101,88,21740,0.00,2,190.00,159,42.00,1,55.57,-156.82,"2021-06-27 00:00:00","S"
"176",202101,92,21740,0.00,2,480.00,170,700.00,4,55.59,-155.53,"2021-06-28 00:00:00","B"
"176",202101,93,21740,0.00,2,530.00,177,1194.00,9,55.61,-155.50,"2021-06-28 00:00:00","B"
"176",202101,96,21740,0.00,2,390.00,184,472.00,4,55.75,-155.95,"2021-06-29 00:00:00","S"
"176",202101,140,21740,0.00,1,170.00,285,35.00,1,58.05,-153.83,"2021-07-08 00:00:00","S"
"176",202101,114,21740,0.00,2,480.00,192,823.00,4,56.93,-152.46,"2021-07-03 00:00:00","S"
"176",202101,115,21740,0.00,2,570.00,199,1230.00,9,57.00,-152.74,"2021-07-03 00:00:00","B"
"176",202101,124,21740,0.00,1,440.00,220,654.00,3,56.82,-155.80,"2021-07-05 00:00:00","S"
"176",202101,126,21740,0.00,2,350.00,226,303.00,3,57.36,-156.34,"2021-07-05 00:00:00","B"
"176",202101,127,21740,0.00,2,300.00,234,211.00,2,57.72,-155.50,"2021-07-06 00:00:00","S"
"176",202101,129,21740,0.00,1,150.00,245,20.00,1,57.66,-154.95,"2021-07-06 00:00:00","S"
"176",202101,133,21740,0.00,2,470.00,252,810.00,4,57.51,-153.90,"2021-07-07 00:00:00","B"
"176",202101,135,21740,0.00,2,350.00,259,336.00,3,57.69,-154.36,"2021-07-07 00:00:00","S"
"176",202101,137,21740,0.00,2,500.00,270,922.00,9,57.97,-154.34,"2021-07-07 00:00:00","B"
"176",202101,144,21740,0.00,1,360.00,307,431.00,2,58.14,-152.16,"2021-07-10 00:00:00","S"
"176",202101,144,21740,0.00,2,360.00,314,406.00,2,58.14,-152.16,"2021-07-10 00:00:00","S"
"176",202101,141,21740,0.00,2,420.00,295,708.00,4,57.86,-151.95,"2021-07-10 00:00:00","S"
"176",202101,143,21740,0.00,2,410.00,302,652.00,3,58.10,-152.09,"2021-07-10 00:00:00","S"
"176",202101,145,21740,0.00,1,480.00,319,848.00,3,58.32,-154.08,"2021-07-11 00:00:00","B"
"176",202101,150,21740,0.00,2,490.00,331,950.00,3,58.61,-153.09,"2021-07-12 00:00:00","S"
"176",202101,154,21740,0.00,2,360.00,343,351.00,3,59.26,-153.39,"2021-07-13 00:00:00","B"
"176",202101,155,21740,0.00,2,160.00,350,32.00,1,59.41,-153.15,"2021-07-13 00:00:00","S"
"176",202101,159,21740,0.00,1,140.00,358,16.00,1,59.79,-152.90,"2021-07-14 00:00:00","S"
"176",202101,169,21740,0.00,1,500.00,378,769.00,9,57.54,-151.86,"2021-07-16 00:00:00","B"
"176",202101,174,21740,0.00,2,500.00,385,969.00,5,57.54,-150.28,"2021-07-17 00:00:00","S"
"176",202101,181,21740,0.00,2,530.00,402,1006.00,,58.19,-148.82,"2021-07-18 00:00:00",
"176",202101,183,21740,0.00,2,470.00,404,810.00,4,58.14,-149.84,"2021-07-19 00:00:00","S"
"176",202101,192,21740,0.00,2,630.00,417,1615.00,8,58.60,-151.23,"2021-07-21 00:00:00","B"
"176",202101,194,21740,0.00,2,390.00,428,513.00,4,58.67,-148.81,"2021-07-22 00:00:00","V"
"176",202101,199,21740,0.00,1,380.00,435,428.00,3,59.24,-151.05,"2021-07-23 00:00:00","S"
"176",202101,203,21740,0.00,2,520.00,446,818.00,6,59.10,-151.03,"2021-07-24 00:00:00","V"
"176",202101,208,21740,0.00,1,540.00,453,987.00,9,58.56,-150.71,"2021-07-25 00:00:00","V"
"176",202101,209,21740,0.00,2,440.00,460,721.00,4,58.66,-150.41,"2021-07-25 00:00:00","S"
"176",202101,210,21740,0.00,2,550.00,464,1508.00,5,58.70,-150.42,"2021-07-25 00:00:00","S"
"176",202101,211,21740,0.00,2,430.00,471,636.00,4,58.82,-150.42,"2021-07-25 00:00:00","V"
"176",202101,221,21740,0.00,1,340.00,478,295.00,2,59.49,-149.85,"2021-07-27 00:00:00","S"
"176",202101,225,21740,0.00,2,180.00,490,38.00,1,59.63,-149.88,"2021-07-28 00:00:00","S"
"176",202101,226,21740,0.00,1,470.00,494,868.00,5,59.63,-149.86,"2021-07-28 00:00:00","V"
"176",202101,227,21740,0.00,1,430.00,501,620.00,4,59.67,-149.88,"2021-07-28 00:00:00","S"
"176",202101,229,21740,0.00,2,560.00,508,1271.00,9,59.74,-149.32,"2021-07-28 00:00:00","V"
"176",202101,61,21740,0.00,1,140.00,107,16.00,1,55.43,-157.10,"2021-06-20 00:00:00","S"
"176",202101,61,21740,0.00,2,150.00,109,17.00,1,55.43,-157.10,"2021-06-20 00:00:00","S"
"176",202101,62,21740,0.00,2,180.00,112,35.00,1,55.54,-157.06,"2021-06-20 00:00:00","S"
"176",202101,75,21740,0.00,1,530.00,117,1078.00,7,55.99,-158.29,"2021-06-24 00:00:00","B"
"176",202101,75,21740,0.00,2,550.00,119,1148.00,9,55.99,-158.29,"2021-06-24 00:00:00","B"
"176",202101,5,21740,0.00,2,390.00,1,413.00,3,53.10,-167.68,"2021-06-08 00:00:00","S"
"176",202101,5,21740,0.00,2,370.00,3,383.00,3,53.10,-167.68,"2021-06-08 00:00:00","S"
"176",202101,7,21740,0.00,1,380.00,8,350.00,4,53.35,-166.35,"2021-06-08 00:00:00","S"
"176",202101,13,21740,0.00,2,490.00,12,836.00,7,53.69,-165.25,"2021-06-09 00:00:00","B"
"176",202101,84,21740,0.00,1,480.00,151,888.00,4,55.93,-156.66,"2021-06-26 00:00:00","S"
"176",202101,87,21740,0.00,1,160.00,153,35.00,1,55.59,-156.72,"2021-06-26 00:00:00","S"
"176",202101,88,21740,0.00,2,190.00,160,45.00,1,55.57,-156.82,"2021-06-27 00:00:00","S"
"176",202101,88,21740,0.00,2,140.00,162,17.00,1,55.57,-156.82,"2021-06-27 00:00:00","S"
"176",202101,96,21740,0.00,1,390.00,185,489.00,4,55.75,-155.95,"2021-06-29 00:00:00","S"
"176",202101,139,21740,0.00,2,370.00,277,371.00,4,58.02,-153.83,"2021-07-08 00:00:00","B"
"176",202101,140,21740,0.00,2,500.00,282,856.00,9,58.05,-153.83,"2021-07-08 00:00:00","B"
"176",202101,140,21740,0.00,1,350.00,284,278.00,2,58.05,-153.83,"2021-07-08 00:00:00","B"
"176",202101,124,21740,0.00,2,390.00,217,417.00,4,56.82,-155.80,"2021-07-05 00:00:00","S"
"176",202101,124,21740,0.00,1,460.00,219,692.00,5,56.82,-155.80,"2021-07-05 00:00:00","B"
"176",202101,126,21740,0.00,1,330.00,229,254.00,2,57.36,-156.34,"2021-07-05 00:00:00","B"
"176",202101,126,21740,0.00,2,540.00,227,960.00,9,57.36,-156.34,"2021-07-05 00:00:00","B"
"176",202101,133,21740,0.00,2,340.00,251,305.00,2,57.51,-153.90,"2021-07-07 00:00:00","S"
"176",202101,133,21740,0.00,2,480.00,253,813.00,4,57.51,-153.90,"2021-07-07 00:00:00","B"
"176",202101,135,21740,0.00,2,300.00,260,190.00,3,57.69,-154.36,"2021-07-07 00:00:00","S"
"176",202101,136,21740,0.00,2,160.00,262,23.00,1,57.88,-154.93,"2021-07-07 00:00:00","S"
"176",202101,144,21740,0.00,2,430.00,315,691.00,3,58.14,-152.16,"2021-07-10 00:00:00","S"
"176",202101,141,21740,0.00,1,400.00,287,538.00,3,57.86,-151.95,"2021-07-10 00:00:00","S"
"176",202101,141,21740,0.00,2,500.00,292,1029.00,5,57.86,-151.95,"2021-07-10 00:00:00","S"
"176",202101,141,21740,0.00,2,420.00,294,567.00,3,57.86,-151.95,"2021-07-10 00:00:00","S"
"176",202101,150,21740,0.00,2,500.00,328,1066.00,5,58.61,-153.09,"2021-07-12 00:00:00","S"
"176",202101,150,21740,0.00,2,360.00,330,377.00,3,58.61,-153.09,"2021-07-12 00:00:00","S"
"176",202101,154,21740,0.00,1,150.00,342,23.00,1,59.26,-153.39,"2021-07-13 00:00:00","S"
"176",202101,154,21740,0.00,2,170.00,344,37.00,1,59.26,-153.39,"2021-07-13 00:00:00","S"
"176",202101,168,21740,0.00,2,380.00,377,439.00,2,58.12,-151.56,"2021-07-15 00:00:00","B"
"176",202101,169,21740,0.00,1,480.00,379,887.00,4,57.54,-151.86,"2021-07-16 00:00:00","S"
"176",202101,174,21740,0.00,2,520.00,386,1070.00,8,57.54,-150.28,"2021-07-17 00:00:00","B"
"176",202101,177,21740,0.00,2,550.00,389,1135.00,8,57.92,-149.87,"2021-07-17 00:00:00","B"
"176",202101,193,21740,0.00,2,540.00,421,1192.00,9,58.60,-151.16,"2021-07-21 00:00:00","V"
"176",202101,193,21740,0.00,1,180.00,423,48.00,1,58.60,-151.16,"2021-07-21 00:00:00","S"
"176",202101,191,21740,0.00,2,590.00,409,1542.00,9,58.60,-151.20,"2021-07-21 00:00:00","B"
"176",202101,192,21740,0.00,2,500.00,416,985.00,5,58.60,-151.23,"2021-07-21 00:00:00","B"
"176",202101,192,21740,0.00,1,550.00,418,1269.00,9,58.60,-151.23,"2021-07-21 00:00:00","B"
"176",202101,199,21740,0.00,1,430.00,436,596.00,4,59.24,-151.05,"2021-07-23 00:00:00","S"
"176",202101,200,21740,0.00,2,510.00,440,1160.00,3,59.27,-151.13,"2021-07-23 00:00:00","S"
"176",202101,203,21740,0.00,2,410.00,445,522.00,3,59.10,-151.03,"2021-07-24 00:00:00","S"
"176",202101,203,21740,0.00,1,380.00,447,395.00,,59.10,-151.03,"2021-07-24 00:00:00",
"176",202101,211,21740,0.00,2,470.00,470,761.00,5,58.82,-150.42,"2021-07-25 00:00:00","V"
"176",202101,211,21740,0.00,2,440.00,472,723.00,4,58.82,-150.42,"2021-07-25 00:00:00","S"
"176",202101,217,21740,0.00,2,180.00,477,46.00,1,59.19,-149.18,"2021-07-26 00:00:00","S"
"176",202101,54,21740,0.00,2,140.00,100,21.00,1,54.63,-158.89,"2021-06-19 00:00:00","S"
"176",202101,61,21740,0.00,2,140.00,111,15.00,1,55.43,-157.10,"2021-06-20 00:00:00","S"
"176",202101,75,21740,0.00,2,530.00,118,1014.00,9,55.99,-158.29,"2021-06-24 00:00:00","B"
"176",202101,76,21740,0.00,1,470.00,125,756.00,9,56.22,-158.28,"2021-06-24 00:00:00","B"
"176",202101,41,21740,0.00,2,550.00,91,1400.00,9,54.98,-160.62,"2021-06-16 00:00:00","B"
"176",202101,5,21740,0.00,2,360.00,2,341.00,3,53.10,-167.68,"2021-06-08 00:00:00","S"
"176",202101,7,21740,0.00,1,400.00,7,507.00,4,53.35,-166.35,"2021-06-08 00:00:00","S"
"176",202101,81,21740,0.00,1,430.00,136,657.00,4,56.71,-156.64,"2021-06-25 00:00:00","B"
"176",202101,83,21740,0.00,2,390.00,143,419.00,3,56.15,-156.11,"2021-06-26 00:00:00","S"
"176",202101,84,21740,0.00,1,510.00,150,955.00,9,55.93,-156.66,"2021-06-26 00:00:00","B"
"176",202101,88,21740,0.00,2,170.00,161,33.00,1,55.57,-156.82,"2021-06-27 00:00:00","S"
"176",202101,92,21740,0.00,2,510.00,168,921.00,9,55.59,-155.53,"2021-06-28 00:00:00","B"
"176",202101,92,21740,0.00,2,430.00,175,706.00,5,55.59,-155.53,"2021-06-28 00:00:00","B"
"176",202101,139,21740,0.00,2,360.00,276,339.00,4,58.02,-153.83,"2021-07-08 00:00:00","S"
"176",202101,140,21740,0.00,2,380.00,283,427.00,4,58.05,-153.83,"2021-07-08 00:00:00","S"
"176",202101,100,21740,0.00,2,450.00,190,700.00,5,56.39,-155.46,"2021-06-29 00:00:00","S"
"176",202101,116,21740,0.00,1,510.00,201,1017.00,9,57.03,-152.79,"2021-07-03 00:00:00","B"
"176",202101,124,21740,0.00,1,470.00,218,774.00,5,56.82,-155.80,"2021-07-05 00:00:00","S"
"176",202101,125,21740,0.00,2,420.00,225,553.00,5,57.07,-155.46,"2021-07-05 00:00:00","B"
"176",202101,126,21740,0.00,2,260.00,228,126.00,3,57.36,-156.34,"2021-07-05 00:00:00","B"
"176",202101,128,21740,0.00,2,410.00,236,594.00,5,57.69,-155.49,"2021-07-06 00:00:00","B"
"176",202101,129,21740,0.00,2,290.00,243,149.00,2,57.66,-154.95,"2021-07-06 00:00:00","S"
"176",202101,130,21740,0.00,2,470.00,250,762.00,4,57.56,-154.88,"2021-07-06 00:00:00","S"
"176",202101,133,21740,0.00,1,400.00,254,475.00,4,57.51,-153.90,"2021-07-07 00:00:00","B"
"176",202101,136,21740,0.00,1,160.00,261,24.00,1,57.88,-154.93,"2021-07-07 00:00:00","S"
"176",202101,137,21740,0.00,2,520.00,268,985.00,9,57.97,-154.34,"2021-07-07 00:00:00","B"
"176",202101,144,21740,0.00,1,340.00,309,320.00,2,58.14,-152.16,"2021-07-10 00:00:00","B"
"176",202101,141,21740,0.00,1,460.00,286,656.00,4,57.86,-151.95,"2021-07-10 00:00:00","S"
"176",202101,141,21740,0.00,2,560.00,293,1271.00,9,57.86,-151.95,"2021-07-10 00:00:00","B"
"176",202101,143,21740,0.00,1,420.00,304,651.00,3,58.10,-152.09,"2021-07-10 00:00:00","B"
"176",202101,149,21740,0.00,1,450.00,322,757.00,5,58.57,-153.33,"2021-07-12 00:00:00","B"
"176",202101,150,21740,0.00,2,380.00,329,361.00,3,58.61,-153.09,"2021-07-12 00:00:00","S"
"176",202101,154,21740,0.00,2,160.00,345,33.00,1,59.26,-153.39,"2021-07-13 00:00:00","S"
"176",202101,156,21740,0.00,2,180.00,353,42.00,1,59.66,-152.60,"2021-07-13 00:00:00","S"
"176",202101,159,21740,0.00,2,130.00,361,12.00,1,59.79,-152.90,"2021-07-14 00:00:00","S"
"176",202101,169,21740,0.00,2,530.00,380,1065.00,9,57.54,-151.86,"2021-07-16 00:00:00","B"
"176",202101,174,21740,0.00,2,500.00,387,901.00,5,57.54,-150.28,"2021-07-17 00:00:00","S"
"176",202101,181,21740,0.00,2,550.00,400,1058.00,8,58.19,-148.82,"2021-07-18 00:00:00","B"
"176",202101,183,21740,0.00,2,450.00,406,713.00,4,58.14,-149.84,"2021-07-19 00:00:00","S"
"176",202101,193,21740,0.00,1,200.00,422,70.00,1,58.60,-151.16,"2021-07-21 00:00:00","S"
"176",202101,192,21740,0.00,2,480.00,415,811.00,4,58.60,-151.23,"2021-07-21 00:00:00","B"
"176",202101,198,21740,0.00,1,200.00,430,53.00,1,58.66,-150.01,"2021-07-22 00:00:00","S"
"176",202101,199,21740,0.00,2,460.00,437,754.00,4,59.24,-151.05,"2021-07-23 00:00:00","S"
"176",202101,203,21740,0.00,2,480.00,444,881.00,5,59.10,-151.03,"2021-07-24 00:00:00","S"
"176",202101,208,21740,0.00,1,460.00,455,854.00,5,58.56,-150.71,"2021-07-25 00:00:00","V"
"176",202101,209,21740,0.00,2,490.00,462,956.00,4,58.66,-150.41,"2021-07-25 00:00:00","V"
"176",202101,211,21740,0.00,2,430.00,469,608.00,4,58.82,-150.42,"2021-07-25 00:00:00","S"
"176",202101,221,21740,0.00,1,180.00,480,41.00,1,59.49,-149.85,"2021-07-27 00:00:00","S"
"176",202101,225,21740,0.00,1,410.00,492,583.00,4,59.63,-149.88,"2021-07-28 00:00:00","S"
"176",202101,227,21740,0.00,1,340.00,499,315.00,2,59.67,-149.88,"2021-07-28 00:00:00","S"
"176",202101,54,21740,0.00,1,160.00,97,30.00,1,54.63,-158.89,"2021-06-19 00:00:00","S"
"176",202101,62,21740,0.00,2,150.00,114,23.00,1,55.54,-157.06,"2021-06-20 00:00:00","S"
"176",202101,62,21740,0.00,1,160.00,115,31.00,1,55.54,-157.06,"2021-06-20 00:00:00","S"
"176",202101,80,21740,0.00,1,370.00,129,417.00,3,56.73,-156.71,"2021-06-25 00:00:00","S"
"176",202101,41,21740,0.00,1,510.00,87,1014.00,8,54.98,-160.62,"2021-06-16 00:00:00","B"
"176",202101,5,21740,0.00,1,340.00,5,301.00,3,53.10,-167.68,"2021-06-08 00:00:00","S"
"176",202101,7,21740,0.00,2,430.00,9,526.00,4,53.35,-166.35,"2021-06-08 00:00:00","S"
"176",202101,82,21740,0.00,2,510.00,139,1244.00,5,56.72,-156.51,"2021-06-25 00:00:00","S"
"176",202101,82,21740,0.00,2,350.00,140,355.00,3,56.72,-156.51,"2021-06-25 00:00:00","S"
"176",202101,87,21740,0.00,2,520.00,154,1123.00,5,55.59,-156.72,"2021-06-26 00:00:00","S"
"176",202101,88,21740,0.00,2,190.00,158,48.00,1,55.57,-156.82,"2021-06-27 00:00:00","S"
"176",202101,88,21740,0.00,2,160.00,157,27.00,1,55.57,-156.82,"2021-06-27 00:00:00","S"
"176",202101,92,21740,0.00,2,530.00,171,1119.00,9,55.59,-155.53,"2021-06-28 00:00:00","B"
"176",202101,92,21740,0.00,2,490.00,172,927.00,4,55.59,-155.53,"2021-06-28 00:00:00","B"
"176",202101,139,21740,0.00,1,390.00,279,385.00,3,58.02,-153.83,"2021-07-08 00:00:00","S"
"176",202101,139,21740,0.00,1,270.00,280,142.00,2,58.02,-153.83,"2021-07-08 00:00:00","S"
"176",202101,114,21740,0.00,2,570.00,194,1470.00,9,56.93,-152.46,"2021-07-03 00:00:00","B"
"176",202101,115,21740,0.00,1,460.00,197,762.00,4,57.00,-152.74,"2021-07-03 00:00:00","B"
"176",202101,115,21740,0.00,2,460.00,198,760.00,4,57.00,-152.74,"2021-07-03 00:00:00","B"
"176",202101,125,21740,0.00,1,470.00,221,810.00,5,57.07,-155.46,"2021-07-05 00:00:00","S"
"176",202101,125,21740,0.00,1,380.00,222,390.00,4,57.07,-155.46,"2021-07-05 00:00:00","B"
"176",202101,128,21740,0.00,1,520.00,239,909.00,8,57.69,-155.49,"2021-07-06 00:00:00","B"
"176",202101,128,21740,0.00,1,380.00,240,416.00,3,57.69,-155.49,"2021-07-06 00:00:00","B"
"176",202101,135,21740,0.00,1,440.00,257,757.00,3,57.69,-154.36,"2021-07-07 00:00:00","S"
"176",202101,135,21740,0.00,1,390.00,258,411.00,5,57.69,-154.36,"2021-07-07 00:00:00","S"
"176",202101,138,21740,0.00,2,290.00,271,165.00,2,57.91,-153.95,"2021-07-07 00:00:00","S"
"176",202101,138,21740,0.00,1,360.00,272,332.00,3,57.91,-153.95,"2021-07-07 00:00:00","S"
"176",202101,138,21740,0.00,1,550.00,275,997.00,8,57.91,-153.95,"2021-07-07 00:00:00","B"
"176",202101,141,21740,0.00,2,480.00,289,830.00,5,57.86,-151.95,"2021-07-10 00:00:00","S"
"176",202101,141,21740,0.00,2,410.00,290,517.00,3,57.86,-151.95,"2021-07-10 00:00:00","S"
"176",202101,145,21740,0.00,2,150.00,317,15.00,1,58.32,-154.08,"2021-07-11 00:00:00","S"
"176",202101,145,21740,0.00,2,540.00,318,999.00,8,58.32,-154.08,"2021-07-11 00:00:00","B"
"176",202101,152,21740,0.00,1,490.00,337,911.00,5,58.76,-152.81,"2021-07-12 00:00:00","S"
"176",202101,152,21740,0.00,2,590.00,338,1451.00,8,58.76,-152.81,"2021-07-12 00:00:00","B"
"176",202101,152,21740,0.00,2,540.00,341,1057.00,9,58.76,-152.81,"2021-07-12 00:00:00","B"
"176",202101,156,21740,0.00,1,350.00,355,263.00,3,59.66,-152.60,"2021-07-13 00:00:00","S"
"176",202101,156,21740,0.00,1,160.00,356,30.00,1,59.66,-152.60,"2021-07-13 00:00:00","S"
"176",202101,174,21740,0.00,1,420.00,383,586.00,3,57.54,-150.28,"2021-07-17 00:00:00","S"
"176",202101,174,21740,0.00,2,440.00,384,569.00,4,57.54,-150.28,"2021-07-17 00:00:00","S"
"176",202101,180,21740,0.00,2,380.00,394,411.00,3,58.16,-148.88,"2021-07-18 00:00:00","S"
"176",202101,180,21740,0.00,2,230.00,397,77.00,1,58.16,-148.88,"2021-07-18 00:00:00","S"
"176",202101,191,21740,0.00,2,460.00,411,865.00,5,58.60,-151.20,"2021-07-21 00:00:00","B"
"176",202101,191,21740,0.00,2,480.00,412,858.00,4,58.60,-151.20,"2021-07-21 00:00:00","B"
"176",202101,194,21740,0.00,1,180.00,426,46.00,1,58.67,-148.81,"2021-07-22 00:00:00","S"
"176",202101,200,21740,0.00,2,390.00,439,474.00,3,59.27,-151.13,"2021-07-23 00:00:00","S"
"176",202101,200,21740,0.00,2,390.00,441,379.00,3,59.27,-151.13,"2021-07-23 00:00:00","S"
"176",202101,209,21740,0.00,2,510.00,458,938.00,4,58.66,-150.41,"2021-07-25 00:00:00","S"
"176",202101,209,21740,0.00,2,550.00,459,1245.00,9,58.66,-150.41,"2021-07-25 00:00:00","V"
"176",202101,217,21740,0.00,1,530.00,473,1088.00,8,59.19,-149.18,"2021-07-26 00:00:00","V"
"176",202101,54,21740,0.00,1,150.00,98,26.00,1,54.63,-158.89,"2021-06-19 00:00:00","S"
"176",202101,54,21740,0.00,1,170.00,99,30.00,1,54.63,-158.89,"2021-06-19 00:00:00","S"
"176",202101,62,21740,0.00,2,150.00,113,23.00,1,55.54,-157.06,"2021-06-20 00:00:00","S"
"176",202101,62,21740,0.00,1,140.00,116,19.00,1,55.54,-157.06,"2021-06-20 00:00:00","S"
"176",202101,80,21740,0.00,1,450.00,130,574.00,9,56.73,-156.71,"2021-06-25 00:00:00","B"
"176",202101,80,21740,0.00,1,350.00,131,330.00,3,56.73,-156.71,"2021-06-25 00:00:00","S"
"176",202101,7,21740,0.00,2,510.00,10,852.00,9,53.35,-166.35,"2021-06-08 00:00:00","B"
"176",202101,7,21740,0.00,1,420.00,6,566.00,3,53.35,-166.35,"2021-06-08 00:00:00","S"
"176",202101,82,21740,0.00,1,290.00,138,190.00,2,56.72,-156.51,"2021-06-25 00:00:00","S"
"176",202101,82,21740,0.00,2,440.00,141,665.00,5,56.72,-156.51,"2021-06-25 00:00:00","S"
"176",202101,87,21740,0.00,2,160.00,155,28.00,1,55.59,-156.72,"2021-06-26 00:00:00","S"
"176",202101,87,21740,0.00,2,390.00,156,442.00,3,55.59,-156.72,"2021-06-26 00:00:00","S"
"176",202101,92,21740,0.00,2,480.00,173,762.00,5,55.59,-155.53,"2021-06-28 00:00:00","S"
"176",202101,92,21740,0.00,2,430.00,174,618.00,4,55.59,-155.53,"2021-06-28 00:00:00","S"
"176",202101,139,21740,0.00,2,200.00,278,53.00,1,58.02,-153.83,"2021-07-08 00:00:00","S"
"176",202101,140,21740,0.00,2,550.00,281,1095.00,8,58.05,-153.83,"2021-07-08 00:00:00","B"
"176",202101,114,21740,0.00,2,410.00,195,478.00,4,56.93,-152.46,"2021-07-03 00:00:00","S"
"176",202101,115,21740,0.00,1,460.00,196,773.00,5,57.00,-152.74,"2021-07-03 00:00:00","B"
"176",202101,125,21740,0.00,1,420.00,223,567.00,4,57.07,-155.46,"2021-07-05 00:00:00","S"
"176",202101,125,21740,0.00,2,460.00,224,796.00,4,57.07,-155.46,"2021-07-05 00:00:00","S"
"176",202101,128,21740,0.00,1,470.00,238,635.00,7,57.69,-155.49,"2021-07-06 00:00:00","S"
"176",202101,129,21740,0.00,2,500.00,241,927.00,8,57.66,-154.95,"2021-07-06 00:00:00","B"
"176",202101,133,21740,0.00,1,500.00,255,967.00,4,57.51,-153.90,"2021-07-07 00:00:00","B"
"176",202101,135,21740,0.00,1,420.00,256,648.00,4,57.69,-154.36,"2021-07-07 00:00:00","S"
"176",202101,138,21740,0.00,1,370.00,273,356.00,4,57.91,-153.95,"2021-07-07 00:00:00","S"
"176",202101,138,21740,0.00,1,340.00,274,270.00,2,57.91,-153.95,"2021-07-07 00:00:00","S"
"176",202101,141,21740,0.00,1,440.00,288,680.00,4,57.86,-151.95,"2021-07-10 00:00:00","S"
"176",202101,141,21740,0.00,2,480.00,291,917.00,4,57.86,-151.95,"2021-07-10 00:00:00","S"
"176",202101,143,21740,0.00,1,490.00,305,1070.00,4,58.10,-152.09,"2021-07-10 00:00:00","S"
"176",202101,145,21740,0.00,2,540.00,316,1120.00,8,58.32,-154.08,"2021-07-11 00:00:00","B"
"176",202101,152,21740,0.00,2,560.00,339,1138.00,9,58.76,-152.81,"2021-07-12 00:00:00","B"
"176",202101,152,21740,0.00,2,570.00,340,1275.00,8,58.76,-152.81,"2021-07-12 00:00:00","B"
"176",202101,156,21740,0.00,1,370.00,354,375.00,3,59.66,-152.60,"2021-07-13 00:00:00","S"
"176",202101,156,21740,0.00,1,170.00,357,33.00,1,59.66,-152.60,"2021-07-13 00:00:00","S"
"176",202101,169,21740,0.00,2,370.00,381,374.00,3,57.54,-151.86,"2021-07-16 00:00:00","S"
"176",202101,169,21740,0.00,2,440.00,382,614.00,4,57.54,-151.86,"2021-07-16 00:00:00","S"
"176",202101,180,21740,0.00,2,240.00,395,92.00,1,58.16,-148.88,"2021-07-18 00:00:00","S"
"176",202101,180,21740,0.00,2,220.00,396,69.00,1,58.16,-148.88,"2021-07-18 00:00:00","S"
"176",202101,191,21740,0.00,2,470.00,410,878.00,,58.60,-151.20,"2021-07-21 00:00:00",
"176",202101,191,21740,0.00,1,520.00,413,1253.00,8,58.60,-151.20,"2021-07-21 00:00:00","B"
"176",202101,192,21740,0.00,2,560.00,414,1307.00,5,58.60,-151.23,"2021-07-21 00:00:00","S"
"176",202101,194,21740,0.00,1,430.00,424,726.00,4,58.67,-148.81,"2021-07-22 00:00:00","S"
"176",202101,194,21740,0.00,1,180.00,425,49.00,1,58.67,-148.81,"2021-07-22 00:00:00","S"
"176",202101,200,21740,0.00,2,610.00,438,1766.00,9,59.27,-151.13,"2021-07-23 00:00:00","V"
"176",202101,200,21740,0.00,1,370.00,442,389.00,4,59.27,-151.13,"2021-07-23 00:00:00","S"
"176",202101,203,21740,0.00,2,600.00,443,1664.00,6,59.10,-151.03,"2021-07-24 00:00:00","V"
"176",202101,208,21740,0.00,2,540.00,456,1216.00,5,58.56,-150.71,"2021-07-25 00:00:00","S"
"176",202101,208,21740,0.00,2,460.00,457,798.00,4,58.56,-150.71,"2021-07-25 00:00:00","V"
"176",202101,217,21740,0.00,1,280.00,474,157.00,2,59.19,-149.18,"2021-07-26 00:00:00","S"
"176",202101,227,21740,0.00,1,320.00,500,200.00,2,59.67,-149.88,"2021-07-28 00:00:00","S"
"176",202101,227,21740,0.00,1,430.00,502,765.00,4,59.67,-149.88,"2021-07-28 00:00:00","S"
"176",202101,233,21740,0.00,1,350.00,525,312.00,3,59.91,-148.39,"2021-07-29 00:00:00","S"
"176",202101,233,21740,0.00,2,560.00,527,1331.00,8,59.91,-148.39,"2021-07-29 00:00:00","V"
"176",202101,235,21740,0.00,2,400.00,532,582.00,4,59.37,-147.22,"2021-07-31 00:00:00","S"
"176",202101,236,21740,0.00,2,330.00,534,268.00,2,59.55,-147.24,"2021-07-31 00:00:00","S"
"176",202101,241,21740,0.00,1,410.00,557,614.00,4,60.18,-145.89,"2021-08-01 00:00:00","S"
"176",202101,244,21740,0.00,2,450.00,559,715.00,4,59.62,-144.31,"2021-08-02 00:00:00","S"
"176",202101,246,21740,0.00,2,420.00,566,600.00,3,59.73,-143.20,"2021-08-02 00:00:00","S"
"176",202101,248,21740,0.00,1,320.00,568,243.00,2,59.52,-142.07,"2021-08-02 00:00:00","S"
"176",202101,252,21740,0.00,2,400.00,591,454.00,3,59.46,-141.86,"2021-08-03 00:00:00","S"
"176",202101,257,21740,0.00,2,530.00,593,945.00,8,59.01,-141.12,"2021-08-04 00:00:00","V"
"176",202101,258,21740,0.00,1,310.00,600,186.00,2,58.69,-140.25,"2021-08-04 00:00:00","V"
"176",202101,258,21740,0.00,2,360.00,602,328.00,3,58.69,-140.25,"2021-08-04 00:00:00","S"
"176",202101,264,21740,0.00,2,510.00,620,1003.00,8,58.49,-139.65,"2021-08-06 00:00:00","V"
"176",202101,264,21740,0.00,1,410.00,622,553.00,3,58.49,-139.65,"2021-08-06 00:00:00","V"
"176",202101,265,21740,0.00,2,470.00,627,798.00,4,58.53,-139.66,"2021-08-06 00:00:00","S"
"176",202101,267,21740,0.00,2,280.00,634,140.00,2,58.55,-139.41,"2021-08-06 00:00:00","S"
"176",202101,267,21740,0.00,1,310.00,636,207.00,2,58.55,-139.41,"2021-08-06 00:00:00","S"
"176",202101,279,21740,0.00,2,470.00,659,858.00,5,56.21,-135.46,"2021-08-09 00:00:00","S"
"176",202101,279,21740,0.00,2,420.00,661,609.00,4,56.21,-135.46,"2021-08-09 00:00:00","S"
"176",202101,280,21740,0.00,1,240.00,666,91.00,2,56.22,-135.30,"2021-08-09 00:00:00","S"
"176",202101,281,21740,0.00,1,340.00,668,264.00,3,55.98,-134.22,"2021-08-11 00:00:00","S"
"176",202101,289,21740,0.00,2,370.00,691,369.00,3,55.64,-134.71,"2021-08-12 00:00:00","V"
"176",202101,290,21740,0.00,2,450.00,693,603.00,4,55.54,-134.92,"2021-08-12 00:00:00","S"
"176",202101,293,21740,0.00,2,400.00,700,544.00,3,55.06,-133.58,"2021-08-13 00:00:00","V"
"176",202101,293,21740,0.00,1,300.00,702,201.00,2,55.06,-133.58,"2021-08-13 00:00:00","S"
"176",202101,26,21740,0.00,2,510.00,37,907.00,5,54.46,-164.20,"2021-06-12 00:00:00","B"
"176",202101,26,21740,0.00,1,520.00,39,979.00,7,54.46,-164.20,"2021-06-12 00:00:00","S"
"176",202101,29,21740,0.00,1,170.00,44,44.00,1,55.31,-161.41,"2021-06-14 00:00:00","S"
"176",202101,29,21740,0.00,2,290.00,46,196.00,2,55.31,-161.41,"2021-06-14 00:00:00","S"
"176",202101,31,21740,0.00,2,260.00,70,132.00,2,55.00,-162.52,"2021-06-14 00:00:00","S"
"176",202101,31,21740,0.00,1,510.00,61,871.00,8,55.00,-162.52,"2021-06-14 00:00:00","B"
"176",202101,33,21740,0.00,1,440.00,78,600.00,4,54.61,-162.92,"2021-06-14 00:00:00","S"
"176",202101,33,21740,0.00,1,380.00,80,361.00,3,54.61,-162.92,"2021-06-14 00:00:00","S"
"176",202101,233,21740,0.00,1,400.00,523,431.00,3,59.91,-148.39,"2021-07-29 00:00:00","S"
"176",202101,236,21740,0.00,2,370.00,536,430.00,3,59.55,-147.24,"2021-07-31 00:00:00","S"
"176",202101,238,21740,0.00,1,170.00,538,34.00,1,60.08,-146.56,"2021-07-31 00:00:00","S"
"176",202101,238,21740,0.00,1,180.00,540,36.00,1,60.08,-146.56,"2021-07-31 00:00:00","S"
"176",202101,241,21740,0.00,2,460.00,553,796.00,5,60.18,-145.89,"2021-08-01 00:00:00","V"
"176",202101,241,21740,0.00,2,310.00,555,211.00,2,60.18,-145.89,"2021-08-01 00:00:00","S"
"176",202101,248,21740,0.00,2,450.00,570,587.00,4,59.52,-142.07,"2021-08-02 00:00:00","S"
"176",202101,248,21740,0.00,2,420.00,572,582.00,3,59.52,-142.07,"2021-08-02 00:00:00","V"
"176",202101,251,21740,0.00,2,170.00,587,25.00,1,59.72,-141.93,"2021-08-03 00:00:00","S"
"176",202101,252,21740,0.00,2,430.00,589,672.00,3,59.46,-141.86,"2021-08-03 00:00:00","S"
"176",202101,259,21740,0.00,1,430.00,604,527.00,3,59.14,-139.46,"2021-08-05 00:00:00","S"
"176",202101,259,21740,0.00,2,180.00,606,33.00,1,59.14,-139.46,"2021-08-05 00:00:00","S"
"176",202101,266,21740,0.00,2,310.00,631,193.00,2,58.57,-139.56,"2021-08-06 00:00:00","S"
"176",202101,264,21740,0.00,2,510.00,618,968.00,4,58.49,-139.65,"2021-08-06 00:00:00","V"
"176",202101,268,21740,0.00,1,320.00,638,189.00,2,58.21,-138.90,"2021-08-06 00:00:00","V"
"176",202101,268,21740,0.00,1,330.00,640,260.00,2,58.21,-138.90,"2021-08-06 00:00:00","S"
"176",202101,278,21740,0.00,1,400.00,653,472.00,3,56.34,-135.51,"2021-08-09 00:00:00","V"
"176",202101,278,21740,0.00,1,450.00,655,640.00,4,56.34,-135.51,"2021-08-09 00:00:00","V"
"176",202101,278,21740,0.00,2,470.00,657,773.00,4,56.34,-135.51,"2021-08-09 00:00:00","V"
"176",202101,281,21740,0.00,1,370.00,670,403.00,3,55.98,-134.22,"2021-08-11 00:00:00","S"
"176",202101,281,21740,0.00,2,220.00,672,84.00,2,55.98,-134.22,"2021-08-11 00:00:00","S"
"176",202101,288,21740,0.00,1,400.00,687,537.00,4,55.67,-134.48,"2021-08-12 00:00:00","B"
"176",202101,289,21740,0.00,2,520.00,689,948.00,5,55.64,-134.71,"2021-08-12 00:00:00","V"
"176",202101,294,21740,0.00,2,460.00,704,781.00,4,54.79,-133.09,"2021-08-14 00:00:00","V"
"176",202101,294,21740,0.00,1,320.00,706,254.00,2,54.79,-133.09,"2021-08-14 00:00:00","S"
"176",202101,16,21740,0.00,1,500.00,16,952.00,6,54.04,-164.69,"2021-06-10 00:00:00","B"
"176",202101,16,21740,0.00,1,480.00,18,779.00,9,54.04,-164.69,"2021-06-10 00:00:00","B"
"176",202101,18,21740,0.00,1,390.00,33,443.00,3,53.80,-164.92,"2021-06-10 00:00:00","B"
"176",202101,18,21740,0.00,1,400.00,35,427.00,4,53.80,-164.92,"2021-06-10 00:00:00","S"
"176",202101,29,21740,0.00,2,210.00,48,65.00,1,55.31,-161.41,"2021-06-14 00:00:00","S"
"176",202101,29,21740,0.00,2,180.00,50,46.00,1,55.31,-161.41,"2021-06-14 00:00:00","S"
"176",202101,31,21740,0.00,2,400.00,66,387.00,3,55.00,-162.52,"2021-06-14 00:00:00","S"
"176",202101,31,21740,0.00,2,240.00,68,106.00,2,55.00,-162.52,"2021-06-14 00:00:00","S"
"176",202101,34,21740,0.00,2,160.00,83,30.00,1,54.47,-162.24,"2021-06-15 00:00:00","S"
"176",202101,34,21740,0.00,2,520.00,84,997.00,9,54.47,-162.24,"2021-06-15 00:00:00","B"
"176",202101,231,21740,0.00,2,530.00,515,982.00,5,59.92,-148.93,"2021-07-29 00:00:00","V"
"176",202101,232,21740,0.00,2,560.00,519,1352.00,6,59.85,-148.85,"2021-07-29 00:00:00","V"
"176",202101,233,21740,0.00,1,480.00,526,870.00,,59.91,-148.39,"2021-07-29 00:00:00",
"176",202101,236,21740,0.00,2,440.00,533,614.00,4,59.55,-147.24,"2021-07-31 00:00:00","S"
"176",202101,239,21740,0.00,1,170.00,544,32.00,1,60.13,-146.28,"2021-07-31 00:00:00","S"
"176",202101,240,21740,0.00,2,170.00,551,38.00,1,59.95,-146.19,"2021-08-01 00:00:00","S"
"176",202101,244,21740,0.00,2,420.00,558,545.00,4,59.62,-144.31,"2021-08-02 00:00:00","S"
"176",202101,248,21740,0.00,2,380.00,569,419.00,3,59.52,-142.07,"2021-08-02 00:00:00","V"
"176",202101,249,21740,0.00,2,250.00,576,123.00,2,59.93,-141.60,"2021-08-03 00:00:00","S"
"176",202101,251,21740,0.00,1,400.00,583,439.00,3,59.72,-141.93,"2021-08-03 00:00:00","S"
"176",202101,257,21740,0.00,2,480.00,594,746.00,4,59.01,-141.12,"2021-08-04 00:00:00","S"
"176",202101,258,21740,0.00,1,350.00,601,342.00,3,58.69,-140.25,"2021-08-04 00:00:00","V"
"176",202101,260,21740,0.00,1,410.00,608,458.00,4,58.93,-138.86,"2021-08-05 00:00:00","S"
"176",202101,266,21740,0.00,2,420.00,629,632.00,3,58.57,-139.56,"2021-08-06 00:00:00","V"
"176",202101,264,21740,0.00,1,400.00,621,474.00,3,58.49,-139.65,"2021-08-06 00:00:00","V"
"176",202101,267,21740,0.00,2,330.00,633,272.00,2,58.55,-139.41,"2021-08-06 00:00:00","S"
"176",202101,271,21740,0.00,2,440.00,644,633.00,4,58.25,-137.55,"2021-08-07 00:00:00","V"
"176",202101,277,21740,0.00,2,470.00,651,775.00,3,56.57,-135.75,"2021-08-09 00:00:00","V"
"176",202101,279,21740,0.00,2,470.00,658,753.00,3,56.21,-135.46,"2021-08-09 00:00:00","V"
"176",202101,281,21740,0.00,1,350.00,669,365.00,3,55.98,-134.22,"2021-08-11 00:00:00","S"
"176",202101,282,21740,0.00,2,520.00,676,1105.00,5,55.75,-133.98,"2021-08-11 00:00:00","V"
"176",202101,288,21740,0.00,2,400.00,683,560.00,3,55.67,-134.48,"2021-08-12 00:00:00","V"
"176",202101,290,21740,0.00,2,480.00,694,852.00,4,55.54,-134.92,"2021-08-12 00:00:00","S"
"176",202101,293,21740,0.00,1,250.00,701,113.00,2,55.06,-133.58,"2021-08-13 00:00:00","S"
"176",202101,17,21740,0.00,1,330.00,22,264.00,2,53.86,-164.92,"2021-06-10 00:00:00","S"
"176",202101,18,21740,0.00,2,410.00,29,406.00,3,53.80,-164.92,"2021-06-10 00:00:00","S"
"176",202101,26,21740,0.00,2,530.00,36,934.00,8,54.46,-164.20,"2021-06-12 00:00:00","S"
"176",202101,29,21740,0.00,2,210.00,47,70.00,1,55.31,-161.41,"2021-06-14 00:00:00","S"
"176",202101,30,21740,0.00,1,350.00,54,355.00,3,55.19,-161.94,"2021-06-14 00:00:00","S"
"176",202101,31,21740,0.00,1,530.00,62,1009.00,10,55.00,-162.52,"2021-06-14 00:00:00","B"
"176",202101,33,21740,0.00,2,390.00,72,389.00,3,54.61,-162.92,"2021-06-14 00:00:00","S"
"176",202101,33,21740,0.00,1,370.00,79,332.00,4,54.61,-162.92,"2021-06-14 00:00:00","S"
"176",202101,34,21740,0.00,1,170.00,86,30.00,1,54.47,-162.24,"2021-06-15 00:00:00","S"
"176",202101,221,21740,0.00,1,200.00,479,51.00,1,59.49,-149.85,"2021-07-27 00:00:00","S"
"176",202101,228,21740,0.00,2,400.00,507,469.00,4,59.70,-149.63,"2021-07-28 00:00:00","S"
"176",202101,229,21740,0.00,2,300.00,509,199.00,2,59.74,-149.32,"2021-07-28 00:00:00","S"
"176",202101,231,21740,0.00,1,290.00,516,134.00,2,59.92,-148.93,"2021-07-29 00:00:00","S"
"176",202101,232,21740,0.00,1,200.00,518,59.00,1,59.85,-148.85,"2021-07-29 00:00:00","S"
"176",202101,238,21740,0.00,1,450.00,541,746.00,5,60.08,-146.56,"2021-07-31 00:00:00","S"
"176",202101,239,21740,0.00,1,160.00,543,30.00,1,60.13,-146.28,"2021-07-31 00:00:00","S"
"176",202101,240,21740,0.00,2,200.00,550,57.00,1,59.95,-146.19,"2021-08-01 00:00:00","S"
"176",202101,240,21740,0.00,2,180.00,552,40.00,1,59.95,-146.19,"2021-08-01 00:00:00","S"
"176",202101,249,21740,0.00,2,630.00,575,1872.00,5,59.93,-141.60,"2021-08-03 00:00:00","V"
"176",202101,249,21740,0.00,2,430.00,577,650.00,4,59.93,-141.60,"2021-08-03 00:00:00","S"
"176",202101,250,21740,0.00,1,80.00,582,4.00,1,59.85,-141.90,"2021-08-03 00:00:00","S"
"176",202101,251,21740,0.00,1,430.00,584,515.00,4,59.72,-141.93,"2021-08-03 00:00:00","S"
"176",202101,251,21740,0.00,2,310.00,586,208.00,2,59.72,-141.93,"2021-08-03 00:00:00","S"
"176",202101,259,21740,0.00,2,210.00,607,55.00,1,59.14,-139.46,"2021-08-05 00:00:00","S"
"176",202101,260,21740,0.00,1,430.00,609,670.00,4,58.93,-138.86,"2021-08-05 00:00:00","S"
"176",202101,260,21740,0.00,2,480.00,611,780.00,4,58.93,-138.86,"2021-08-05 00:00:00","S"
"176",202101,263,21740,0.00,1,310.00,615,211.00,2,58.59,-140.01,"2021-08-06 00:00:00","S"
"176",202101,266,21740,0.00,1,380.00,628,464.00,3,58.57,-139.56,"2021-08-06 00:00:00","S"
"176",202101,268,21740,0.00,2,420.00,641,686.00,4,58.21,-138.90,"2021-08-06 00:00:00","S"
"176",202101,271,21740,0.00,2,400.00,643,407.00,3,58.25,-137.55,"2021-08-07 00:00:00","S"
"176",202101,277,21740,0.00,2,500.00,650,1014.00,4,56.57,-135.75,"2021-08-09 00:00:00","V"
"176",202101,277,21740,0.00,2,440.00,652,627.00,4,56.57,-135.75,"2021-08-09 00:00:00","S"
"176",202101,282,21740,0.00,2,600.00,675,1281.00,9,55.75,-133.98,"2021-08-11 00:00:00","V"
"176",202101,282,21740,0.00,2,480.00,677,792.00,5,55.75,-133.98,"2021-08-11 00:00:00","S"
"176",202101,288,21740,0.00,2,380.00,684,421.00,3,55.67,-134.48,"2021-08-12 00:00:00","V"
"176",202101,288,21740,0.00,2,430.00,686,595.00,4,55.67,-134.48,"2021-08-12 00:00:00","V"
"176",202101,224,21740,0.00,1,500.00,483,937.00,9,59.22,-150.00,"2021-07-27 00:00:00","V"
"176",202101,224,21740,0.00,2,560.00,485,1383.00,4,59.22,-150.00,"2021-07-27 00:00:00","V"
"176",202101,16,21740,0.00,2,570.00,19,1221.00,8,54.04,-164.69,"2021-06-10 00:00:00","B"
"176",202101,17,21740,0.00,1,460.00,21,677.00,3,53.86,-164.92,"2021-06-10 00:00:00","S"
"176",202101,18,21740,0.00,2,420.00,28,529.00,3,53.80,-164.92,"2021-06-10 00:00:00","B"
"176",202101,18,21740,0.00,2,400.00,30,494.00,3,53.80,-164.92,"2021-06-10 00:00:00","B"
"176",202101,30,21740,0.00,1,370.00,53,454.00,3,55.19,-161.94,"2021-06-14 00:00:00","S"
"176",202101,30,21740,0.00,1,340.00,55,287.00,3,55.19,-161.94,"2021-06-14 00:00:00","S"
"176",202101,31,21740,0.00,1,370.00,63,339.00,3,55.00,-162.52,"2021-06-14 00:00:00","S"
"176",202101,31,21740,0.00,1,210.00,65,63.00,2,55.00,-162.52,"2021-06-14 00:00:00","S"
"176",202101,217,21740,0.00,2,440.00,476,716.00,4,59.19,-149.18,"2021-07-26 00:00:00","V"
"176",202101,226,21740,0.00,1,350.00,495,376.00,2,59.63,-149.86,"2021-07-28 00:00:00","S"
"176",202101,226,21740,0.00,2,380.00,496,426.00,3,59.63,-149.86,"2021-07-28 00:00:00","S"
"176",202101,231,21740,0.00,2,520.00,513,1034.00,8,59.92,-148.93,"2021-07-29 00:00:00","V"
"176",202101,231,21740,0.00,2,520.00,514,1196.00,6,59.92,-148.93,"2021-07-29 00:00:00","V"
"176",202101,235,21740,0.00,1,420.00,528,612.00,4,59.37,-147.22,"2021-07-31 00:00:00","S"
"176",202101,235,21740,0.00,1,500.00,531,865.00,9,59.37,-147.22,"2021-07-31 00:00:00","V"
"176",202101,239,21740,0.00,1,170.00,545,34.00,1,60.13,-146.28,"2021-07-31 00:00:00","S"
"176",202101,239,21740,0.00,1,180.00,546,38.00,1,60.13,-146.28,"2021-07-31 00:00:00","S"
"176",202101,246,21740,0.00,2,410.00,563,525.00,3,59.73,-143.20,"2021-08-02 00:00:00","S"
"176",202101,246,21740,0.00,2,430.00,564,598.00,3,59.73,-143.20,"2021-08-02 00:00:00","V"
"176",202101,250,21740,0.00,2,240.00,578,98.00,2,59.85,-141.90,"2021-08-03 00:00:00","S"
"176",202101,250,21740,0.00,1,150.00,581,28.00,1,59.85,-141.90,"2021-08-03 00:00:00","S"
"176",202101,257,21740,0.00,2,490.00,595,765.00,4,59.01,-141.12,"2021-08-04 00:00:00","S"
"176",202101,257,21740,0.00,2,540.00,596,1102.00,9,59.01,-141.12,"2021-08-04 00:00:00","V"
"176",202101,263,21740,0.00,1,310.00,617,210.00,2,58.59,-140.01,"2021-08-06 00:00:00","S"
"176",202101,263,21740,0.00,2,330.00,613,261.00,2,58.59,-140.01,"2021-08-06 00:00:00","U"
"176",202101,265,21740,0.00,1,330.00,623,253.00,2,58.53,-139.66,"2021-08-06 00:00:00","S"
"176",202101,265,21740,0.00,2,450.00,626,681.00,3,58.53,-139.66,"2021-08-06 00:00:00","S"
"176",202101,271,21740,0.00,1,360.00,645,342.00,4,58.25,-137.55,"2021-08-07 00:00:00","S"
"176",202101,271,21740,0.00,1,390.00,646,391.00,3,58.25,-137.55,"2021-08-07 00:00:00","S"
"176",202101,280,21740,0.00,2,460.00,663,641.00,3,56.22,-135.30,"2021-08-09 00:00:00","V"
"176",202101,280,21740,0.00,2,500.00,664,926.00,4,56.22,-135.30,"2021-08-09 00:00:00","V"
"176",202101,287,21740,0.00,1,320.00,678,232.00,2,55.80,-134.71,"2021-08-12 00:00:00","V"
"176",202101,287,21740,0.00,2,440.00,681,662.00,4,55.80,-134.71,"2021-08-12 00:00:00","V"
"176",202101,287,21740,0.00,2,510.00,682,878.00,5,55.80,-134.71,"2021-08-12 00:00:00","S"
"176",202101,290,21740,0.00,2,440.00,695,627.00,4,55.54,-134.92,"2021-08-12 00:00:00","S"
"176",202101,290,21740,0.00,1,390.00,696,457.00,3,55.54,-134.92,"2021-08-12 00:00:00","S"
"176",202101,146,21740,0.00,2,160.00,321,12.00,1,58.33,-154.01,"2021-07-11 00:00:00","S"
"176",202101,224,21740,0.00,2,540.00,487,1146.00,10,59.22,-150.00,"2021-07-27 00:00:00","V"
"176",202101,17,21740,0.00,1,390.00,23,491.00,4,53.86,-164.92,"2021-06-10 00:00:00","S"
"176",202101,17,21740,0.00,2,500.00,24,810.00,9,53.86,-164.92,"2021-06-10 00:00:00","B"
"176",202101,29,21740,0.00,1,330.00,41,250.00,2,55.31,-161.41,"2021-06-14 00:00:00","S"
"176",202101,29,21740,0.00,1,180.00,42,47.00,1,55.31,-161.41,"2021-06-14 00:00:00","S"
"176",202101,30,21740,0.00,1,520.00,59,912.00,8,55.19,-161.94,"2021-06-14 00:00:00","B"
"176",202101,30,21740,0.00,2,470.00,60,881.00,3,55.19,-161.94,"2021-06-14 00:00:00","S"
"176",202101,33,21740,0.00,2,380.00,73,364.00,4,54.61,-162.92,"2021-06-14 00:00:00","S"
"176",202101,33,21740,0.00,2,410.00,74,495.00,3,54.61,-162.92,"2021-06-14 00:00:00","S"
"176",202101,229,21740,0.00,2,190.00,510,48.00,1,59.74,-149.32,"2021-07-28 00:00:00","S"
"176",202101,231,21740,0.00,1,460.00,517,796.00,4,59.92,-148.93,"2021-07-29 00:00:00","S"
"176",202101,233,21740,0.00,1,470.00,524,708.00,6,59.91,-148.39,"2021-07-29 00:00:00","V"
"176",202101,236,21740,0.00,2,550.00,535,1037.00,10,59.55,-147.24,"2021-07-31 00:00:00","V"
"176",202101,238,21740,0.00,2,310.00,542,231.00,2,60.08,-146.56,"2021-07-31 00:00:00","S"
"176",202101,240,21740,0.00,1,180.00,549,40.00,1,59.95,-146.19,"2021-08-01 00:00:00","S"
"176",202101,244,21740,0.00,2,430.00,560,580.00,4,59.62,-144.31,"2021-08-02 00:00:00","S"
"176",202101,246,21740,0.00,1,490.00,567,1026.00,9,59.73,-143.20,"2021-08-02 00:00:00","V"
"176",202101,249,21740,0.00,1,470.00,574,651.00,4,59.93,-141.60,"2021-08-03 00:00:00","S"
"176",202101,251,21740,0.00,1,310.00,585,183.00,2,59.72,-141.93,"2021-08-03 00:00:00","S"
"176",202101,252,21740,0.00,1,420.00,592,562.00,4,59.46,-141.86,"2021-08-03 00:00:00","S"
"176",202101,258,21740,0.00,1,330.00,599,245.00,2,58.69,-140.25,"2021-08-04 00:00:00","S"
"176",202101,260,21740,0.00,2,530.00,610,935.00,6,58.93,-138.86,"2021-08-05 00:00:00","V"
"176",202101,263,21740,0.00,1,290.00,616,172.00,2,58.59,-140.01,"2021-08-06 00:00:00","S"
"176",202101,264,21740,0.00,2,430.00,619,577.00,4,58.49,-139.65,"2021-08-06 00:00:00","S"
"176",202101,267,21740,0.00,2,340.00,635,262.00,2,58.55,-139.41,"2021-08-06 00:00:00","V"
"176",202101,268,21740,0.00,2,440.00,642,640.00,3,58.21,-138.90,"2021-08-06 00:00:00","V"
"176",202101,277,21740,0.00,1,410.00,649,592.00,3,56.57,-135.75,"2021-08-09 00:00:00","V"
"176",202101,279,21740,0.00,2,580.00,660,1225.00,9,56.21,-135.46,"2021-08-09 00:00:00","V"
"176",202101,280,21740,0.00,1,400.00,667,504.00,4,56.22,-135.30,"2021-08-09 00:00:00","S"
"176",202101,282,21740,0.00,2,440.00,674,683.00,5,55.75,-133.98,"2021-08-11 00:00:00","S"
"176",202101,288,21740,0.00,2,430.00,685,620.00,5,55.67,-134.48,"2021-08-12 00:00:00","V"
"176",202101,289,21740,0.00,2,390.00,692,422.00,3,55.64,-134.71,"2021-08-12 00:00:00","V"
"176",202101,293,21740,0.00,2,460.00,699,783.00,5,55.06,-133.58,"2021-08-13 00:00:00","V"
"176",202101,294,21740,0.00,2,500.00,703,1009.00,6,54.79,-133.09,"2021-08-14 00:00:00","V"
"176",202101,224,21740,0.00,2,500.00,484,1126.00,4,59.22,-150.00,"2021-07-27 00:00:00","S"
"176",202101,16,21740,0.00,2,600.00,20,1448.00,8,54.04,-164.69,"2021-06-10 00:00:00","B"
"176",202101,18,21740,0.00,2,400.00,27,504.00,4,53.80,-164.92,"2021-06-10 00:00:00","B"
"176",202101,18,21740,0.00,1,490.00,31,873.00,9,53.80,-164.92,"2021-06-10 00:00:00","B"
"176",202101,26,21740,0.00,2,540.00,38,899.00,9,54.46,-164.20,"2021-06-12 00:00:00","B"
"176",202101,29,21740,0.00,2,300.00,45,192.00,2,55.31,-161.41,"2021-06-14 00:00:00","S"
"176",202101,30,21740,0.00,1,370.00,52,396.00,3,55.19,-161.94,"2021-06-14 00:00:00","S"
"176",202101,30,21740,0.00,1,390.00,56,425.00,3,55.19,-161.94,"2021-06-14 00:00:00","S"
"176",202101,31,21740,0.00,1,270.00,64,138.00,2,55.00,-162.52,"2021-06-14 00:00:00","S"
"176",202101,31,21740,0.00,2,240.00,71,91.00,2,55.00,-162.52,"2021-06-14 00:00:00","S"
"176",202101,33,21740,0.00,1,440.00,77,558.00,3,54.61,-162.92,"2021-06-14 00:00:00","S"
"176",202101,33,21740,0.00,1,370.00,81,321.00,3,54.61,-162.92,"2021-06-14 00:00:00","S"
"176",202101,217,21740,0.00,2,520.00,475,1176.00,4,59.19,-149.18,"2021-07-26 00:00:00","S"
"176",202101,226,21740,0.00,2,480.00,497,842.00,4,59.63,-149.86,"2021-07-28 00:00:00","S"
"176",202101,227,21740,0.00,2,480.00,498,1002.00,4,59.67,-149.88,"2021-07-28 00:00:00","S"
"176",202101,229,21740,0.00,2,410.00,511,530.00,3,59.74,-149.32,"2021-07-28 00:00:00","S"
"176",202101,229,21740,0.00,1,470.00,512,918.00,5,59.74,-149.32,"2021-07-28 00:00:00","S"
"176",202101,235,21740,0.00,1,350.00,529,348.00,3,59.37,-147.22,"2021-07-31 00:00:00","S"
"176",202101,235,21740,0.00,1,400.00,530,507.00,3,59.37,-147.22,"2021-07-31 00:00:00","S"
"176",202101,239,21740,0.00,2,180.00,547,40.00,1,60.13,-146.28,"2021-07-31 00:00:00","S"
"176",202101,240,21740,0.00,1,180.00,548,45.00,1,59.95,-146.19,"2021-08-01 00:00:00","S"
"176",202101,244,21740,0.00,1,440.00,561,685.00,4,59.62,-144.31,"2021-08-02 00:00:00","S"
"176",202101,244,21740,0.00,1,400.00,562,527.00,3,59.62,-144.31,"2021-08-02 00:00:00","V"
"176",202101,246,21740,0.00,2,490.00,565,761.00,8,59.73,-143.20,"2021-08-02 00:00:00","V"
"176",202101,250,21740,0.00,1,190.00,579,52.00,1,59.85,-141.90,"2021-08-03 00:00:00","S"
"176",202101,250,21740,0.00,1,220.00,580,87.00,1,59.85,-141.90,"2021-08-03 00:00:00","S"
"176",202101,257,21740,0.00,2,550.00,597,1195.00,7,59.01,-141.12,"2021-08-04 00:00:00","V"
"176",202101,258,21740,0.00,1,320.00,598,217.00,2,58.69,-140.25,"2021-08-04 00:00:00","V"
"176",202101,260,21740,0.00,2,420.00,612,541.00,3,58.93,-138.86,"2021-08-05 00:00:00","S"
"176",202101,263,21740,0.00,1,350.00,614,306.00,2,58.59,-140.01,"2021-08-06 00:00:00","V"
"176",202101,265,21740,0.00,1,420.00,624,579.00,4,58.53,-139.66,"2021-08-06 00:00:00","V"
"176",202101,265,21740,0.00,2,510.00,625,923.00,6,58.53,-139.66,"2021-08-06 00:00:00","V"
"176",202101,271,21740,0.00,1,290.00,647,200.00,2,58.25,-137.55,"2021-08-07 00:00:00","S"
"176",202101,277,21740,0.00,1,450.00,648,721.00,4,56.57,-135.75,"2021-08-09 00:00:00","V"
"176",202101,279,21740,0.00,2,370.00,662,415.00,3,56.21,-135.46,"2021-08-09 00:00:00","S"
"176",202101,280,21740,0.00,2,440.00,665,584.00,4,56.22,-135.30,"2021-08-09 00:00:00","V"
"176",202101,287,21740,0.00,2,360.00,679,403.00,3,55.80,-134.71,"2021-08-12 00:00:00","S"
"176",202101,287,21740,0.00,2,470.00,680,782.00,5,55.80,-134.71,"2021-08-12 00:00:00","S"
"176",202101,290,21740,0.00,1,410.00,697,498.00,3,55.54,-134.92,"2021-08-12 00:00:00","V"
"176",202101,293,21740,0.00,2,230.00,698,93.00,2,55.06,-133.58,"2021-08-13 00:00:00","S"
"176",202101,224,21740,0.00,2,200.00,486,68.00,1,59.22,-150.00,"2021-07-27 00:00:00","S"
"176",202101,17,21740,0.00,2,450.00,25,589.00,4,53.86,-164.92,"2021-06-10 00:00:00","S"
"176",202101,18,21740,0.00,2,540.00,26,1224.00,8,53.80,-164.92,"2021-06-10 00:00:00","B"
"176",202101,26,21740,0.00,1,500.00,40,877.00,7,54.46,-164.20,"2021-06-12 00:00:00","B"
"176",202101,29,21740,0.00,1,300.00,43,222.00,2,55.31,-161.41,"2021-06-14 00:00:00","S"
"176",202101,30,21740,0.00,1,400.00,57,502.00,3,55.19,-161.94,"2021-06-14 00:00:00","S"
"176",202101,30,21740,0.00,1,370.00,58,357.00,3,55.19,-161.94,"2021-06-14 00:00:00","S"
"176",202101,33,21740,0.00,2,420.00,75,547.00,3,54.61,-162.92,"2021-06-14 00:00:00","S"
"176",202101,33,21740,0.00,1,400.00,76,475.00,3,54.61,-162.92,"2021-06-14 00:00:00","S"
"176",202101,57,21740,0.00,2,490.00,104,875.00,9,54.71,-158.09,"2021-06-19 00:00:00","B"
"176",202101,57,21740,0.00,1,480.00,106,794.00,8,54.71,-158.09,"2021-06-19 00:00:00","B"
"176",202101,75,21740,0.00,2,430.00,121,630.00,4,55.99,-158.29,"2021-06-24 00:00:00","B"
"176",202101,76,21740,0.00,2,500.00,123,995.00,9,56.22,-158.28,"2021-06-24 00:00:00","B"
"176",202101,41,21740,0.00,2,500.00,93,1107.00,5,54.98,-160.62,"2021-06-16 00:00:00","B"
"176",202101,41,21740,0.00,2,490.00,95,950.00,4,54.98,-160.62,"2021-06-16 00:00:00","S"
"176",202101,13,21740,0.00,2,530.00,14,964.00,9,53.69,-165.25,"2021-06-09 00:00:00","B"
"176",202101,81,21740,0.00,2,530.00,132,1152.00,10,56.71,-156.64,"2021-06-25 00:00:00","B"
"176",202101,84,21740,0.00,2,400.00,147,466.00,3,55.93,-156.66,"2021-06-26 00:00:00","S"
"176",202101,84,21740,0.00,2,480.00,149,831.00,5,55.93,-156.66,"2021-06-26 00:00:00","S"
"176",202101,88,21740,0.00,1,160.00,164,32.00,1,55.57,-156.82,"2021-06-27 00:00:00","S"
"176",202101,92,21740,0.00,1,430.00,166,620.00,4,55.59,-155.53,"2021-06-28 00:00:00","B"
"176",202101,93,21740,0.00,2,460.00,179,791.00,4,55.61,-155.50,"2021-06-28 00:00:00","B"
"176",202101,96,21740,0.00,2,430.00,181,598.00,5,55.75,-155.95,"2021-06-29 00:00:00","B"
"176",202101,96,21740,0.00,2,410.00,183,619.00,4,55.75,-155.95,"2021-06-29 00:00:00","S"
"176",202101,100,21740,0.00,1,490.00,186,813.00,10,56.39,-155.46,"2021-06-29 00:00:00","B"
"176",202101,100,21740,0.00,2,480.00,188,871.00,5,56.39,-155.46,"2021-06-29 00:00:00","B"
"176",202101,116,21740,0.00,2,580.00,203,1386.00,5,57.03,-152.79,"2021-07-03 00:00:00","B"
"176",202101,116,21740,0.00,2,500.00,205,1054.00,5,57.03,-152.79,"2021-07-03 00:00:00","S"
"176",202101,126,21740,0.00,1,290.00,230,188.00,2,57.36,-156.34,"2021-07-05 00:00:00","S"
"176",202101,127,21740,0.00,2,350.00,232,350.00,2,57.72,-155.50,"2021-07-06 00:00:00","S"
"176",202101,130,21740,0.00,1,510.00,247,1044.00,9,57.56,-154.88,"2021-07-06 00:00:00","B"
"176",202101,130,21740,0.00,2,420.00,249,502.00,4,57.56,-154.88,"2021-07-06 00:00:00","S"
"176",202101,136,21740,0.00,2,330.00,264,267.00,2,57.88,-154.93,"2021-07-07 00:00:00","B"
"176",202101,137,21740,0.00,2,470.00,266,938.00,5,57.97,-154.34,"2021-07-07 00:00:00","B"
"176",202101,144,21740,0.00,2,500.00,311,1049.00,4,58.14,-152.16,"2021-07-10 00:00:00","S"
"176",202101,144,21740,0.00,2,400.00,313,518.00,2,58.14,-152.16,"2021-07-10 00:00:00","S"
"176",202101,142,21740,0.00,1,490.00,296,992.00,5,57.95,-151.72,"2021-07-10 00:00:00","S"
"176",202101,142,21740,0.00,2,470.00,298,837.00,4,57.95,-151.72,"2021-07-10 00:00:00","S"
"176",202101,142,21740,0.00,2,480.00,300,755.00,4,57.95,-151.72,"2021-07-10 00:00:00","B"
"176",202101,149,21740,0.00,1,410.00,324,472.00,3,58.57,-153.33,"2021-07-12 00:00:00","B"
"176",202101,149,21740,0.00,2,180.00,326,35.00,1,58.57,-153.33,"2021-07-12 00:00:00","S"
"176",202101,154,21740,0.00,2,170.00,346,38.00,1,59.26,-153.39,"2021-07-13 00:00:00","S"
"176",202101,155,21740,0.00,1,150.00,348,24.00,1,59.41,-153.15,"2021-07-13 00:00:00","S"
"176",202101,168,21740,0.00,1,490.00,373,969.00,5,58.12,-151.56,"2021-07-15 00:00:00","B"
"176",202101,168,21740,0.00,2,480.00,375,888.00,3,58.12,-151.56,"2021-07-15 00:00:00","B"
"176",202101,177,21740,0.00,2,430.00,391,662.00,4,57.92,-149.87,"2021-07-17 00:00:00","S"
"176",202101,177,21740,0.00,1,420.00,393,574.00,3,57.92,-149.87,"2021-07-17 00:00:00","S"
"176",202101,183,21740,0.00,1,430.00,408,666.00,4,58.14,-149.84,"2021-07-19 00:00:00","B"
"176",202101,193,21740,0.00,2,450.00,420,830.00,5,58.60,-151.16,"2021-07-21 00:00:00","B"
"176",202101,198,21740,0.00,1,190.00,432,52.00,1,58.66,-150.01,"2021-07-22 00:00:00","S"
"176",202101,199,21740,0.00,1,540.00,434,1105.00,7,59.24,-151.05,"2021-07-23 00:00:00","V"
"176",202101,206,21740,0.00,1,380.00,449,430.00,3,59.09,-150.84,"2021-07-24 00:00:00","S"
"176",202101,206,21740,0.00,2,340.00,451,286.00,2,59.09,-150.84,"2021-07-24 00:00:00","S"
"176",202101,210,21740,0.00,2,450.00,466,771.00,4,58.70,-150.42,"2021-07-25 00:00:00","S"
"176",202101,211,21740,0.00,2,410.00,468,509.00,3,58.82,-150.42,"2021-07-25 00:00:00","S"
"176",202101,221,21740,0.00,1,180.00,481,39.00,1,59.49,-149.85,"2021-07-27 00:00:00","S"
"176",202101,225,21740,0.00,2,580.00,488,1713.00,6,59.63,-149.88,"2021-07-28 00:00:00","V"
"176",202101,228,21740,0.00,1,430.00,503,682.00,4,59.70,-149.63,"2021-07-28 00:00:00","S"
"176",202101,228,21740,0.00,2,580.00,505,1355.00,9,59.70,-149.63,"2021-07-28 00:00:00","V"
"176",202101,232,21740,0.00,2,520.00,520,1090.00,5,59.85,-148.85,"2021-07-29 00:00:00","S"
"176",202101,232,21740,0.00,2,380.00,522,406.00,3,59.85,-148.85,"2021-07-29 00:00:00","S"
"176",202101,236,21740,0.00,2,430.00,537,642.00,4,59.55,-147.24,"2021-07-31 00:00:00","S"
"176",202101,238,21740,0.00,1,310.00,539,207.00,2,60.08,-146.56,"2021-07-31 00:00:00","S"
"176",202101,241,21740,0.00,2,410.00,554,529.00,3,60.18,-145.89,"2021-08-01 00:00:00","S"
"176",202101,241,21740,0.00,1,420.00,556,548.00,4,60.18,-145.89,"2021-08-01 00:00:00","S"
"176",202101,248,21740,0.00,2,490.00,571,731.00,5,59.52,-142.07,"2021-08-02 00:00:00","S"
"176",202101,249,21740,0.00,1,200.00,573,63.00,1,59.93,-141.60,"2021-08-03 00:00:00","S"
"176",202101,252,21740,0.00,2,470.00,588,822.00,5,59.46,-141.86,"2021-08-03 00:00:00","V"
"176",202101,252,21740,0.00,2,450.00,590,776.00,3,59.46,-141.86,"2021-08-03 00:00:00","S"
"176",202101,259,21740,0.00,1,410.00,603,528.00,3,59.14,-139.46,"2021-08-05 00:00:00","S"
"176",202101,259,21740,0.00,2,450.00,605,698.00,5,59.14,-139.46,"2021-08-05 00:00:00","S"
"176",202101,266,21740,0.00,2,430.00,630,627.00,3,58.57,-139.56,"2021-08-06 00:00:00","S"
"176",202101,266,21740,0.00,2,320.00,632,245.00,2,58.57,-139.56,"2021-08-06 00:00:00","V"
"176",202101,267,21740,0.00,1,330.00,637,237.00,2,58.55,-139.41,"2021-08-06 00:00:00","S"
"176",202101,268,21740,0.00,1,410.00,639,510.00,3,58.21,-138.90,"2021-08-06 00:00:00","V"
"176",202101,278,21740,0.00,1,500.00,654,898.00,8,56.34,-135.51,"2021-08-09 00:00:00","V"
"176",202101,278,21740,0.00,1,200.00,656,55.00,2,56.34,-135.51,"2021-08-09 00:00:00","S"
"176",202101,281,21740,0.00,2,380.00,671,398.00,3,55.98,-134.22,"2021-08-11 00:00:00","S"
"176",202101,282,21740,0.00,2,480.00,673,777.00,5,55.75,-133.98,"2021-08-11 00:00:00","V"
"176",202101,289,21740,0.00,1,450.00,688,612.00,5,55.64,-134.71,"2021-08-12 00:00:00","V"
"176",202101,289,21740,0.00,2,410.00,690,524.00,5,55.64,-134.71,"2021-08-12 00:00:00","V"
"176",202101,294,21740,0.00,1,470.00,705,807.00,6,54.79,-133.09,"2021-08-14 00:00:00","V"
"176",202101,294,21740,0.00,1,340.00,707,309.00,2,54.79,-133.09,"2021-08-14 00:00:00","V"
"176",202101,16,21740,0.00,1,390.00,17,494.00,3,54.04,-164.69,"2021-06-10 00:00:00","S"
"176",202101,18,21740,0.00,1,480.00,32,725.00,9,53.80,-164.92,"2021-06-10 00:00:00","B"
"176",202101,18,21740,0.00,1,390.00,34,431.00,4,53.80,-164.92,"2021-06-10 00:00:00","S"
"176",202101,29,21740,0.00,2,200.00,49,59.00,1,55.31,-161.41,"2021-06-14 00:00:00","S"
"176",202101,30,21740,0.00,1,500.00,51,901.00,11,55.19,-161.94,"2021-06-14 00:00:00","B"
"176",202101,31,21740,0.00,2,280.00,67,123.00,2,55.00,-162.52,"2021-06-14 00:00:00","S"
"176",202101,31,21740,0.00,2,210.00,69,66.00,2,55.00,-162.52,"2021-06-14 00:00:00","S"
"176",202101,34,21740,0.00,2,530.00,82,1023.00,6,54.47,-162.24,"2021-06-15 00:00:00","B"
"176",202101,34,21740,0.00,1,300.00,85,189.00,2,54.47,-162.24,"2021-06-15 00:00:00","S"
