Record Count,Loaded to Repository,Survey,Year,Species Code,Common Name,Scientific Name,Sex,Age (years),Age Pop,Mean Length (mm),Std Deviation Length
1,2023-09-14 19:00:20,AI,1991,21921,Atka mackerel,Pleurogrammus monopterygius,Female,-9,13150917,406.364739432239,51.5990415250301
1,2023-09-14 19:00:20,AI,1991,21921,Atka mackerel,Pleurogrammus monopterygius,Female,2,25063344.4539683,255.035518384294,16.8175358621051
1,2023-09-14 19:00:20,AI,1991,21921,Atka mackerel,Pleurogrammus monopterygius,Female,3,373990271.075591,315.539363260253,37.1271662882778
1,2023-09-14 19:00:20,AI,1991,21921,Atka mackerel,Pleurogrammus monopterygius,Female,4,61538120.1901099,349.118913888884,26.1985544275567
1,2023-09-14 19:00:20,AI,1991,21921,Atka mackerel,Pleurogrammus monopterygius,Female,5,127313482.401904,366.510950554329,20.6420194961379
1,2023-09-14 19:00:20,AI,1991,21921,Atka mackerel,Pleurogrammus monopterygius,Female,6,49989300.6944444,372.501266103984,24.404914832885
1,2023-09-14 19:00:20,AI,1991,21921,Atka mackerel,Pleurogrammus monopterygius,Female,7,66855716.7575758,389.461564865893,13.6412502598491
1,2023-09-14 19:00:20,AI,1991,21921,Atka mackerel,Pleurogrammus monopterygius,Female,8,7750417.25974026,359.666467140473,14.2556685015773
1,2023-09-14 19:00:20,AI,1991,21921,Atka mackerel,Pleurogrammus monopterygius,Female,9,10051157.1666667,410.341789004294,4.11978524819623
1,2023-09-14 19:00:20,AI,1991,21921,Atka mackerel,Pleurogrammus monopterygius,Female,10,31256,490,0
1,2023-09-14 19:00:20,AI,1991,21921,Atka mackerel,Pleurogrammus monopterygius,Male,-9,1130380,210.68030219926,13.0235455515303
1,2023-09-14 19:00:20,AI,1991,21921,Atka mackerel,Pleurogrammus monopterygius,Male,2,35296962.6232906,254.00813655597,14.4764751782217
1,2023-09-14 19:00:20,AI,1991,21921,Atka mackerel,Pleurogrammus monopterygius,Male,3,481309892.308203,315.441999469742,32.3247464449378
1,2023-09-14 19:00:20,AI,1991,21921,Atka mackerel,Pleurogrammus monopterygius,Male,4,62418047.6724638,362.464643498601,27.4755799745168
1,2023-09-14 19:00:20,AI,1991,21921,Atka mackerel,Pleurogrammus monopterygius,Male,5,121257534.928279,355.979010665288,23.2957799970528
1,2023-09-14 19:00:20,AI,1991,21921,Atka mackerel,Pleurogrammus monopterygius,Male,6,34370878.1600706,378.900001453954,10.6689708729938
1,2023-09-14 19:00:20,AI,1991,21921,Atka mackerel,Pleurogrammus monopterygius,Male,7,40857600.0576923,387.021140059498,28.5210294564218
1,2023-09-14 19:00:20,AI,1991,21921,Atka mackerel,Pleurogrammus monopterygius,Male,8,13078384.25,390,0
1,2023-09-14 19:00:20,AI,1994,21921,Atka mackerel,Pleurogrammus monopterygius,Female,-9,1065865,525.377341408152,23.1272576125983
1,2023-09-14 19:00:20,AI,1994,21921,Atka mackerel,Pleurogrammus monopterygius,Female,2,7914253.09119769,253.260037597688,19.996187142838
1,2023-09-14 19:00:20,AI,1994,21921,Atka mackerel,Pleurogrammus monopterygius,Female,3,78547383.471685,328.584379898469,20.5848489810759
1,2023-09-14 19:00:20,AI,1994,21921,Atka mackerel,Pleurogrammus monopterygius,Female,4,58150342.5502689,371.95831138289,21.3019230821127
1,2023-09-14 19:00:20,AI,1994,21921,Atka mackerel,Pleurogrammus monopterygius,Female,5,96935774.1852513,378.672871601841,21.0064853153431
1,2023-09-14 19:00:20,AI,1994,21921,Atka mackerel,Pleurogrammus monopterygius,Female,6,117077377.231604,405.90259582539,29.8916015399212
1,2023-09-14 19:00:20,AI,1994,21921,Atka mackerel,Pleurogrammus monopterygius,Female,7,24963477.4952406,420.819541050415,23.4568383971674
1,2023-09-14 19:00:20,AI,1994,21921,Atka mackerel,Pleurogrammus monopterygius,Female,8,40680942.4013593,423.784415301008,32.727175432089
1,2023-09-14 19:00:20,AI,1994,21921,Atka mackerel,Pleurogrammus monopterygius,Female,9,11142740.1193546,416.654049046373,35.280614589623
1,2023-09-14 19:00:20,AI,1994,21921,Atka mackerel,Pleurogrammus monopterygius,Female,10,33000804.0492929,411.929961669774,30.1616797591778
1,2023-09-14 19:00:20,AI,1994,21921,Atka mackerel,Pleurogrammus monopterygius,Female,11,5482121.15474584,376.789481114935,48.3410201513102
1,2023-09-14 19:00:20,AI,1994,21921,Atka mackerel,Pleurogrammus monopterygius,Female,14,698799.25,470,0
1,2023-09-14 19:00:20,AI,1994,21921,Atka mackerel,Pleurogrammus monopterygius,Male,-9,2239943,481.43271056451,23.3371667004519
1,2023-09-14 19:00:20,AI,1994,21921,Atka mackerel,Pleurogrammus monopterygius,Male,2,7930775.95555556,246.294814649466,19.5576865369291
1,2023-09-14 19:00:20,AI,1994,21921,Atka mackerel,Pleurogrammus monopterygius,Male,3,96279300.6730159,326.733680374338,17.7187162852254
1,2023-09-14 19:00:20,AI,1994,21921,Atka mackerel,Pleurogrammus monopterygius,Male,4,51470572.0050543,368.088735363267,26.7253107145311
1,2023-09-14 19:00:20,AI,1994,21921,Atka mackerel,Pleurogrammus monopterygius,Male,5,85139471.0305814,395.920415462197,30.8255389704133
1,2023-09-14 19:00:20,AI,1994,21921,Atka mackerel,Pleurogrammus monopterygius,Male,6,90949584.6315617,411.932192083612,27.5337389900447
1,2023-09-14 19:00:20,AI,1994,21921,Atka mackerel,Pleurogrammus monopterygius,Male,7,20194343.7871689,405.042654348847,21.1687290118321
1,2023-09-14 19:00:20,AI,1994,21921,Atka mackerel,Pleurogrammus monopterygius,Male,8,17865841.0486068,403.748002732916,34.0293146905118
1,2023-09-14 19:00:20,AI,1994,21921,Atka mackerel,Pleurogrammus monopterygius,Male,9,7761169.13161335,398.731959797211,11.9125658483973
1,2023-09-14 19:00:20,AI,1994,21921,Atka mackerel,Pleurogrammus monopterygius,Male,10,1208866.73684211,390,0
1,2023-09-14 19:00:20,AI,1994,21921,Atka mackerel,Pleurogrammus monopterygius,Unknown,-9,223098,190,0
1,2023-09-14 19:00:20,AI,1994,21921,Atka mackerel,Pleurogrammus monopterygius,Unknown,2,1312059,200.021081369054,0.458660295234367
1,2023-09-14 19:00:20,AI,1997,21921,Atka mackerel,Pleurogrammus monopterygius,Female,-9,13334778,499.548152207708,15.0142974762417
1,2023-09-14 19:00:20,AI,1997,21921,Atka mackerel,Pleurogrammus monopterygius,Female,2,9974355.70833333,261.743077791194,19.500414459605
1,2023-09-14 19:00:20,AI,1997,21921,Atka mackerel,Pleurogrammus monopterygius,Female,3,86192272.9449856,326.950813914352,22.9944821021206
1,2023-09-14 19:00:20,AI,1997,21921,Atka mackerel,Pleurogrammus monopterygius,Female,4,50966728.1253608,365.138766538755,19.8563313862634
1,2023-09-14 19:00:20,AI,1997,21921,Atka mackerel,Pleurogrammus monopterygius,Female,5,73317093.7445221,373.831662660852,35.2930996074457
1,2023-09-14 19:00:20,AI,1997,21921,Atka mackerel,Pleurogrammus monopterygius,Female,6,28624772.7676573,396.015302888528,41.3634798950539
1,2023-09-14 19:00:20,AI,1997,21921,Atka mackerel,Pleurogrammus monopterygius,Female,7,11810433.7505939,402.302510973992,45.855325646638
1,2023-09-14 19:00:20,AI,1997,21921,Atka mackerel,Pleurogrammus monopterygius,Female,8,17666125.5661616,425.739950185594,33.5124415131421
1,2023-09-14 19:00:20,AI,1997,21921,Atka mackerel,Pleurogrammus monopterygius,Female,9,23088436.7907537,422.912877458611,36.6635355532713
1,2023-09-14 19:00:20,AI,1997,21921,Atka mackerel,Pleurogrammus monopterygius,Female,10,4036012,483.689592597842,9.29445568400733
1,2023-09-14 19:00:20,AI,1997,21921,Atka mackerel,Pleurogrammus monopterygius,Female,11,5592603.23333333,420.161262766021,36.6657327593393
1,2023-09-14 19:00:20,AI,1997,21921,Atka mackerel,Pleurogrammus monopterygius,Female,12,1906105.14102564,416.452622366911,9.34965838564463
1,2023-09-14 19:00:20,AI,1997,21921,Atka mackerel,Pleurogrammus monopterygius,Female,13,4134783.22727273,433.01115408223,8.72123214066645
1,2023-09-14 19:00:20,AI,1997,21921,Atka mackerel,Pleurogrammus monopterygius,Male,-9,22973462,483.361018900852,16.379093984681
1,2023-09-14 19:00:20,AI,1997,21921,Atka mackerel,Pleurogrammus monopterygius,Male,2,10431236.2,259.146156425832,16.8586069002136
1,2023-09-14 19:00:20,AI,1997,21921,Atka mackerel,Pleurogrammus monopterygius,Male,3,116156303.550253,323.748076705297,21.5727460989137
1,2023-09-14 19:00:20,AI,1997,21921,Atka mackerel,Pleurogrammus monopterygius,Male,4,54884545.9986652,362.452935874456,23.6716346283775
1,2023-09-14 19:00:20,AI,1997,21921,Atka mackerel,Pleurogrammus monopterygius,Male,5,56427240.4534632,374.024116338181,26.5278735213599
1,2023-09-14 19:00:20,AI,1997,21921,Atka mackerel,Pleurogrammus monopterygius,Male,6,16691767.7214286,369.698911808585,45.0472647564674
1,2023-09-14 19:00:20,AI,1997,21921,Atka mackerel,Pleurogrammus monopterygius,Male,7,8611898.64880952,410.960233961958,19.8237451549959
1,2023-09-14 19:00:20,AI,1997,21921,Atka mackerel,Pleurogrammus monopterygius,Male,8,9587090.50714286,419.252734319244,19.8310853897878
1,2023-09-14 19:00:20,AI,1997,21921,Atka mackerel,Pleurogrammus monopterygius,Male,9,14090504.852381,392.549055625966,34.9947112576312
1,2023-09-14 19:00:20,AI,1997,21921,Atka mackerel,Pleurogrammus monopterygius,Male,10,647865.625,430,0
1,2023-09-14 19:00:20,AI,1997,21921,Atka mackerel,Pleurogrammus monopterygius,Male,11,657577.642857143,410,0.000006812421532
1,2023-09-14 19:00:20,AI,1997,21921,Atka mackerel,Pleurogrammus monopterygius,Male,13,2022910.8,350,0
1,2023-09-14 19:00:20,AI,2000,21921,Atka mackerel,Pleurogrammus monopterygius,Female,-9,382204,522.49986917981,23.4641399313059
1,2023-09-14 19:00:20,AI,2000,21921,Atka mackerel,Pleurogrammus monopterygius,Female,2,74349937.601049,216.607689028103,21.6990715695323
1,2023-09-14 19:00:20,AI,2000,21921,Atka mackerel,Pleurogrammus monopterygius,Female,3,34719318.2248909,315.858147798532,32.0396903038139
1,2023-09-14 19:00:20,AI,2000,21921,Atka mackerel,Pleurogrammus monopterygius,Female,4,7697943.26578947,361.151698465585,16.2617932712544
1,2023-09-14 19:00:20,AI,2000,21921,Atka mackerel,Pleurogrammus monopterygius,Female,5,129980650.082843,384.420112094388,22.6113564375815
1,2023-09-14 19:00:20,AI,2000,21921,Atka mackerel,Pleurogrammus monopterygius,Female,6,34176445.735532,400.189098645404,19.3037415423739
1,2023-09-14 19:00:20,AI,2000,21921,Atka mackerel,Pleurogrammus monopterygius,Female,7,41117556.3394224,406.737689207868,18.6152028838584
1,2023-09-14 19:00:20,AI,2000,21921,Atka mackerel,Pleurogrammus monopterygius,Female,8,75505620.813494,409.923198568266,21.3537819166227
1,2023-09-14 19:00:20,AI,2000,21921,Atka mackerel,Pleurogrammus monopterygius,Female,9,30032066.4766291,409.797201697476,24.6954432457727
1,2023-09-14 19:00:20,AI,2000,21921,Atka mackerel,Pleurogrammus monopterygius,Female,10,13057630.5074675,409.532458122901,25.6146110059576
1,2023-09-14 19:00:20,AI,2000,21921,Atka mackerel,Pleurogrammus monopterygius,Female,11,14153411.8290727,414.719123245231,9.25368212820895
1,2023-09-14 19:00:20,AI,2000,21921,Atka mackerel,Pleurogrammus monopterygius,Female,12,4486301.6,428.411372075386,13.42220839298
1,2023-09-14 19:00:20,AI,2000,21921,Atka mackerel,Pleurogrammus monopterygius,Female,13,2641962.52380952,400,0
1,2023-09-14 19:00:20,AI,2000,21921,Atka mackerel,Pleurogrammus monopterygius,Female,15,37173,480,0
1,2023-09-14 19:00:20,AI,2000,21921,Atka mackerel,Pleurogrammus monopterygius,Male,-9,313877,550.161464522727,94.6078656240268
1,2023-09-14 19:00:20,AI,2000,21921,Atka mackerel,Pleurogrammus monopterygius,Male,2,104623659.59329,213.227002850301,22.4577630302557
1,2023-09-14 19:00:20,AI,2000,21921,Atka mackerel,Pleurogrammus monopterygius,Male,3,34582842.7526582,311.437056581499,37.2842925246985
1,2023-09-14 19:00:20,AI,2000,21921,Atka mackerel,Pleurogrammus monopterygius,Male,4,17055012.5565998,370.921138914375,19.6119923161857
1,2023-09-14 19:00:20,AI,2000,21921,Atka mackerel,Pleurogrammus monopterygius,Male,5,95114282.2840321,385.227531549774,20.5920924736909
1,2023-09-14 19:00:20,AI,2000,21921,Atka mackerel,Pleurogrammus monopterygius,Male,6,32289829.4640541,386.63805076233,26.7520928453016
1,2023-09-14 19:00:20,AI,2000,21921,Atka mackerel,Pleurogrammus monopterygius,Male,7,29414193.0300657,396.767784830563,18.635963646611
1,2023-09-14 19:00:20,AI,2000,21921,Atka mackerel,Pleurogrammus monopterygius,Male,8,43786987.0215729,400.592334478526,21.3763683727575
1,2023-09-14 19:00:20,AI,2000,21921,Atka mackerel,Pleurogrammus monopterygius,Male,9,9425636.35196704,390.299216695825,26.7919544095316
1,2023-09-14 19:00:20,AI,2000,21921,Atka mackerel,Pleurogrammus monopterygius,Male,10,3753535.6,421.195845857969,3.24475134080207
1,2023-09-14 19:00:20,AI,2000,21921,Atka mackerel,Pleurogrammus monopterygius,Male,11,2407623.19298246,392.594799725393,12.2047121190396
1,2023-09-14 19:00:20,AI,2000,21921,Atka mackerel,Pleurogrammus monopterygius,Male,12,1850845.77777778,387.875876806351,22.1197183746936
1,2023-09-14 19:00:20,AI,2000,21921,Atka mackerel,Pleurogrammus monopterygius,Male,15,308682.375,440,0
1,2023-09-14 19:00:20,AI,2002,21921,Atka mackerel,Pleurogrammus monopterygius,Female,-9,98379,508.666178757662,19.0262917074514
1,2023-09-14 19:00:20,AI,2002,21921,Atka mackerel,Pleurogrammus monopterygius,Female,1,8908,160,0
1,2023-09-14 19:00:20,AI,2002,21921,Atka mackerel,Pleurogrammus monopterygius,Female,2,35175236.8795455,230.836229778528,17.4708655963051
1,2023-09-14 19:00:20,AI,2002,21921,Atka mackerel,Pleurogrammus monopterygius,Female,3,475612259.975897,301.695396615485,36.475751058468
1,2023-09-14 19:00:20,AI,2002,21921,Atka mackerel,Pleurogrammus monopterygius,Female,4,262988854.357364,361.067586555073,34.549588045143
1,2023-09-14 19:00:20,AI,2002,21921,Atka mackerel,Pleurogrammus monopterygius,Female,5,44044660.893791,384.443284162851,29.7573519268426
1,2023-09-14 19:00:20,AI,2002,21921,Atka mackerel,Pleurogrammus monopterygius,Female,6,14979680.6952704,403.036019619702,19.8164760007181
1,2023-09-14 19:00:20,AI,2002,21921,Atka mackerel,Pleurogrammus monopterygius,Female,7,52216923.022244,413.629317209901,29.356672558948
1,2023-09-14 19:00:20,AI,2002,21921,Atka mackerel,Pleurogrammus monopterygius,Female,8,29059912.9035122,395.551783788863,29.2127303084806
1,2023-09-14 19:00:20,AI,2002,21921,Atka mackerel,Pleurogrammus monopterygius,Female,9,6376090.64781297,430.066361256134,11.7571065352057
1,2023-09-14 19:00:20,AI,2002,21921,Atka mackerel,Pleurogrammus monopterygius,Female,10,10824736.3174208,432.30339600462,10.6862576826371
1,2023-09-14 19:00:20,AI,2002,21921,Atka mackerel,Pleurogrammus monopterygius,Female,11,1528596.84047619,465.668567304332,12.2998505282475
1,2023-09-14 19:00:20,AI,2002,21921,Atka mackerel,Pleurogrammus monopterygius,Female,13,200025.466666667,481.296618230612,3.35930996933612
1,2023-09-14 19:00:20,AI,2002,21921,Atka mackerel,Pleurogrammus monopterygius,Male,-9,42902,204.82867931565,138.057483640583
1,2023-09-14 19:00:20,AI,2002,21921,Atka mackerel,Pleurogrammus monopterygius,Male,2,39257363.0768717,236.174981663041,23.0307054326512
1,2023-09-14 19:00:20,AI,2002,21921,Atka mackerel,Pleurogrammus monopterygius,Male,3,440226598.279463,301.196928579176,35.1162098290177
1,2023-09-14 19:00:20,AI,2002,21921,Atka mackerel,Pleurogrammus monopterygius,Male,4,263303124.281713,355.778040234676,34.4517465423425
1,2023-09-14 19:00:20,AI,2002,21921,Atka mackerel,Pleurogrammus monopterygius,Male,5,46453016.4531734,390.720739370175,18.3224993229004
1,2023-09-14 19:00:20,AI,2002,21921,Atka mackerel,Pleurogrammus monopterygius,Male,6,14505610.085084,406.232626412824,16.9248638962304
1,2023-09-14 19:00:20,AI,2002,21921,Atka mackerel,Pleurogrammus monopterygius,Male,7,29676360.7491154,389.388475418343,30.5368832242894
1,2023-09-14 19:00:20,AI,2002,21921,Atka mackerel,Pleurogrammus monopterygius,Male,8,8579350.24684874,409.081754460668,18.5088849910642
1,2023-09-14 19:00:20,AI,2002,21921,Atka mackerel,Pleurogrammus monopterygius,Male,9,5690771.55147059,419.79049692878,7.40308983477728
1,2023-09-14 19:00:20,AI,2002,21921,Atka mackerel,Pleurogrammus monopterygius,Male,10,2985530.2762605,437.72602023327,15.0897938294945
1,2023-09-14 19:00:20,AI,2004,21921,Atka mackerel,Pleurogrammus monopterygius,Female,-9,1772971,421.601340349053,144.027736843996
1,2023-09-14 19:00:20,AI,2004,21921,Atka mackerel,Pleurogrammus monopterygius,Female,2,28039688.5519481,230.486034399297,12.9598585015747
1,2023-09-14 19:00:20,AI,2004,21921,Atka mackerel,Pleurogrammus monopterygius,Female,3,375815350.519264,301.368444913258,20.8963411287068
1,2023-09-14 19:00:20,AI,2004,21921,Atka mackerel,Pleurogrammus monopterygius,Female,4,297241611.005195,336.12584946617,23.3809619530579
1,2023-09-14 19:00:20,AI,2004,21921,Atka mackerel,Pleurogrammus monopterygius,Female,5,309300807.975549,352.150853524787,32.0438749895156
1,2023-09-14 19:00:20,AI,2004,21921,Atka mackerel,Pleurogrammus monopterygius,Female,6,89322347.4118756,382.117043850948,33.2300857880749
1,2023-09-14 19:00:20,AI,2004,21921,Atka mackerel,Pleurogrammus monopterygius,Female,7,20449396.903663,406.834615129416,28.7821283686949
1,2023-09-14 19:00:20,AI,2004,21921,Atka mackerel,Pleurogrammus monopterygius,Female,8,13512852.8675991,431.061555659375,15.2939772191018
1,2023-09-14 19:00:20,AI,2004,21921,Atka mackerel,Pleurogrammus monopterygius,Female,9,29276341.4604562,421.338396729401,27.694069360785
1,2023-09-14 19:00:20,AI,2004,21921,Atka mackerel,Pleurogrammus monopterygius,Female,10,10808098.9970238,379.723898678437,26.1308506671856
1,2023-09-14 19:00:20,AI,2004,21921,Atka mackerel,Pleurogrammus monopterygius,Female,11,6791343.86933067,419.818810324101,25.9568181278862
1,2023-09-14 19:00:20,AI,2004,21921,Atka mackerel,Pleurogrammus monopterygius,Female,12,2602694.37142857,454.945055345558,7.8889956071772
1,2023-09-14 19:00:20,AI,2004,21921,Atka mackerel,Pleurogrammus monopterygius,Female,13,1856261.06666667,406.961839706742,22.549500314575
1,2023-09-14 19:00:20,AI,2004,21921,Atka mackerel,Pleurogrammus monopterygius,Male,-9,142307,435.898304370129,122.846109276057
1,2023-09-14 19:00:20,AI,2004,21921,Atka mackerel,Pleurogrammus monopterygius,Male,2,31625851.3076923,233.243223173607,12.6664702103223
1,2023-09-14 19:00:20,AI,2004,21921,Atka mackerel,Pleurogrammus monopterygius,Male,3,279228751.886772,299.689137097958,26.9649168443494
1,2023-09-14 19:00:20,AI,2004,21921,Atka mackerel,Pleurogrammus monopterygius,Male,4,226260330.346212,333.452883627211,22.9579750709248
1,2023-09-14 19:00:20,AI,2004,21921,Atka mackerel,Pleurogrammus monopterygius,Male,5,273306189.632401,364.704590605144,36.6880823445226
1,2023-09-14 19:00:20,AI,2004,21921,Atka mackerel,Pleurogrammus monopterygius,Male,6,56834494.6247863,389.615652761513,22.1862238986721
1,2023-09-14 19:00:20,AI,2004,21921,Atka mackerel,Pleurogrammus monopterygius,Male,7,21591491.4858974,398.98977114101,28.1579055579732
1,2023-09-14 19:00:20,AI,2004,21921,Atka mackerel,Pleurogrammus monopterygius,Male,8,50297085.3982906,421.063398567712,12.4260741682933
1,2023-09-14 19:00:20,AI,2004,21921,Atka mackerel,Pleurogrammus monopterygius,Male,9,11614177.4333333,424.081192227237,28.0915774451268
1,2023-09-14 19:00:20,AI,2004,21921,Atka mackerel,Pleurogrammus monopterygius,Male,10,2649825.38461539,410,
1,2023-09-14 19:00:20,AI,2004,21921,Atka mackerel,Pleurogrammus monopterygius,Male,11,6331091.375,379.223089913151,9.96977485788598
1,2023-09-14 19:00:20,AI,2004,21921,Atka mackerel,Pleurogrammus monopterygius,Male,12,3432935.125,370.937463098724,11.8211940068294
1,2023-09-14 19:00:20,AI,2006,21921,Atka mackerel,Pleurogrammus monopterygius,Female,-9,18578,180,0
1,2023-09-14 19:00:20,AI,2006,21921,Atka mackerel,Pleurogrammus monopterygius,Female,2,25951542.9166667,254.121726288496,27.1363374993864
1,2023-09-14 19:00:20,AI,2006,21921,Atka mackerel,Pleurogrammus monopterygius,Female,3,60317806.2782828,308.912993261454,22.479610142434
1,2023-09-14 19:00:20,AI,2006,21921,Atka mackerel,Pleurogrammus monopterygius,Female,4,42830413.8157287,361.870993060463,26.9183478653973
1,2023-09-14 19:00:20,AI,2006,21921,Atka mackerel,Pleurogrammus monopterygius,Female,5,136382722.560231,358.397466598221,33.9838997246453
1,2023-09-14 19:00:20,AI,2006,21921,Atka mackerel,Pleurogrammus monopterygius,Female,6,94901475.997089,378.718069277859,32.4817892372189
1,2023-09-14 19:00:20,AI,2006,21921,Atka mackerel,Pleurogrammus monopterygius,Female,7,188017750.510545,384.714879037308,27.3840822895271
1,2023-09-14 19:00:20,AI,2006,21921,Atka mackerel,Pleurogrammus monopterygius,Female,8,63066829.9306138,373.694640777861,36.618120567618
1,2023-09-14 19:00:20,AI,2006,21921,Atka mackerel,Pleurogrammus monopterygius,Female,9,6060417,400,0
1,2023-09-14 19:00:20,AI,2006,21921,Atka mackerel,Pleurogrammus monopterygius,Female,11,7119828.45238095,396.200705243718,34.7901169730894
1,2023-09-14 19:00:20,AI,2006,21921,Atka mackerel,Pleurogrammus monopterygius,Female,12,6536237.53846154,390,0.000007485171272
1,2023-09-14 19:00:20,AI,2006,21921,Atka mackerel,Pleurogrammus monopterygius,Male,-9,566039101,362.082150293006,44.4243529165873
1,2023-09-14 19:00:20,AI,2006,21921,Atka mackerel,Pleurogrammus monopterygius,Male,2,26164151.9897436,253.188106833208,21.0981928395785
1,2023-09-14 19:00:20,AI,2006,21921,Atka mackerel,Pleurogrammus monopterygius,Male,3,67897088.1890443,307.307699184456,22.5109540710161
1,2023-09-14 19:00:20,AI,2006,21921,Atka mackerel,Pleurogrammus monopterygius,Male,4,22368571.5888889,338.521356867776,26.3280525469815
1,2023-09-14 19:00:20,AI,2006,21921,Atka mackerel,Pleurogrammus monopterygius,Male,5,84194327.1448996,357.614343605697,31.6366401256555
1,2023-09-14 19:00:20,AI,2006,21921,Atka mackerel,Pleurogrammus monopterygius,Male,6,153677745.841076,380.636718529703,27.3727728474229
1,2023-09-14 19:00:20,AI,2006,21921,Atka mackerel,Pleurogrammus monopterygius,Male,7,141039197.378716,379.092038543006,28.6820244036451
1,2023-09-14 19:00:20,AI,2006,21921,Atka mackerel,Pleurogrammus monopterygius,Male,8,57332726.9423576,390.302478193559,27.1960677289534
1,2023-09-14 19:00:20,AI,2006,21921,Atka mackerel,Pleurogrammus monopterygius,Male,9,12149740.0205128,404.499200047038,13.0279093801576
1,2023-09-14 19:00:20,AI,2006,21921,Atka mackerel,Pleurogrammus monopterygius,Male,11,249197.666666667,440,0
1,2023-09-14 19:00:20,AI,2006,21921,Atka mackerel,Pleurogrammus monopterygius,Male,12,717156.571428571,430,0
1,2023-09-14 19:00:20,AI,2006,21921,Atka mackerel,Pleurogrammus monopterygius,Male,14,249197.666666667,440,0
1,2023-09-14 19:00:20,AI,2010,21921,Atka mackerel,Pleurogrammus monopterygius,Female,-9,12157,580,0
1,2023-09-14 19:00:20,AI,2010,21921,Atka mackerel,Pleurogrammus monopterygius,Female,2,21230382.9428571,235.720288030388,28.8171367944831
1,2023-09-14 19:00:20,AI,2010,21921,Atka mackerel,Pleurogrammus monopterygius,Female,3,187056402.688511,299.674940512791,39.7625106090475
1,2023-09-14 19:00:20,AI,2010,21921,Atka mackerel,Pleurogrammus monopterygius,Female,4,215752550.215406,362.367669112246,55.0675142087907
1,2023-09-14 19:00:20,AI,2010,21921,Atka mackerel,Pleurogrammus monopterygius,Female,5,43445718.7600639,356.840486871956,25.2849017012935
1,2023-09-14 19:00:20,AI,2010,21921,Atka mackerel,Pleurogrammus monopterygius,Female,6,59245408.3854321,374.499110249719,26.4248778446905
1,2023-09-14 19:00:20,AI,2010,21921,Atka mackerel,Pleurogrammus monopterygius,Female,7,19153583.7131886,389.463171668828,37.8765983381604
1,2023-09-14 19:00:20,AI,2010,21921,Atka mackerel,Pleurogrammus monopterygius,Female,8,23860232.6612735,395.288383655453,43.228588548946
1,2023-09-14 19:00:20,AI,2010,21921,Atka mackerel,Pleurogrammus monopterygius,Female,9,63753582.1144003,408.858829935887,44.4782909931903
1,2023-09-14 19:00:20,AI,2010,21921,Atka mackerel,Pleurogrammus monopterygius,Female,10,61783386.0323593,431.143882174491,38.2494818861188
1,2023-09-14 19:00:20,AI,2010,21921,Atka mackerel,Pleurogrammus monopterygius,Female,11,85970398.7325397,446.455421627532,40.4488046983828
1,2023-09-14 19:00:20,AI,2010,21921,Atka mackerel,Pleurogrammus monopterygius,Female,12,21921582.7539683,464.61437125977,23.6358748332518
1,2023-09-14 19:00:20,AI,2010,21921,Atka mackerel,Pleurogrammus monopterygius,Male,-9,115943,587.882407734835,85.6625677239541
1,2023-09-14 19:00:20,AI,2010,21921,Atka mackerel,Pleurogrammus monopterygius,Male,2,24225093.3454545,243.577009674928,26.4013482884599
1,2023-09-14 19:00:20,AI,2010,21921,Atka mackerel,Pleurogrammus monopterygius,Male,3,207849424.474134,304.506829861453,34.0213417769224
1,2023-09-14 19:00:20,AI,2010,21921,Atka mackerel,Pleurogrammus monopterygius,Male,4,182367900.662951,349.345088671212,39.0713735560697
1,2023-09-14 19:00:20,AI,2010,21921,Atka mackerel,Pleurogrammus monopterygius,Male,5,36178892.8770563,382.191438644602,24.2858696692422
1,2023-09-14 19:00:20,AI,2010,21921,Atka mackerel,Pleurogrammus monopterygius,Male,6,24832034.1082251,389.983226888527,28.1282114697462
1,2023-09-14 19:00:20,AI,2010,21921,Atka mackerel,Pleurogrammus monopterygius,Male,7,16134629.1190476,440.237997930104,25.3328618909459
1,2023-09-14 19:00:20,AI,2010,21921,Atka mackerel,Pleurogrammus monopterygius,Male,8,15907944.0730159,439.708081711363,30.8377043533613
1,2023-09-14 19:00:20,AI,2010,21921,Atka mackerel,Pleurogrammus monopterygius,Male,9,29355686.8392496,419.396179616207,33.9842433628259
1,2023-09-14 19:00:20,AI,2010,21921,Atka mackerel,Pleurogrammus monopterygius,Male,10,12518069.4357864,407.615924953701,28.459705320358
1,2023-09-14 19:00:20,AI,2010,21921,Atka mackerel,Pleurogrammus monopterygius,Male,11,11870446.1984127,435.897414879072,19.1597296569243
1,2023-09-14 19:00:20,AI,2010,21921,Atka mackerel,Pleurogrammus monopterygius,Male,12,1297561.66666667,475.161558153305,8.75154160683743
1,2023-09-14 19:00:20,AI,2010,21921,Atka mackerel,Pleurogrammus monopterygius,Male,13,1337735.2,460,0
1,2023-09-14 19:00:20,AI,2012,21921,Atka mackerel,Pleurogrammus monopterygius,Female,-9,10772,470.794652803565,149.13228344731
1,2023-09-14 19:00:20,AI,2012,21921,Atka mackerel,Pleurogrammus monopterygius,Female,2,21301932.9166667,245.252143570148,27.3671858445249
1,2023-09-14 19:00:20,AI,2012,21921,Atka mackerel,Pleurogrammus monopterygius,Female,3,61844694.9444444,307.050067822713,28.9969904634043
1,2023-09-14 19:00:20,AI,2012,21921,Atka mackerel,Pleurogrammus monopterygius,Female,4,30231593.9005051,333.699310426647,33.1782982277355
1,2023-09-14 19:00:20,AI,2012,21921,Atka mackerel,Pleurogrammus monopterygius,Female,5,83738492.5489899,354.57006894022,33.7769751231664
1,2023-09-14 19:00:20,AI,2012,21921,Atka mackerel,Pleurogrammus monopterygius,Female,6,45737154.2646465,376.747215353389,28.1394795155066
1,2023-09-14 19:00:20,AI,2012,21921,Atka mackerel,Pleurogrammus monopterygius,Female,7,6872108.41363636,398.465579817169,20.6801167829737
1,2023-09-14 19:00:20,AI,2012,21921,Atka mackerel,Pleurogrammus monopterygius,Female,8,10286080.9136364,395.664324297528,13.4836284501621
1,2023-09-14 19:00:20,AI,2012,21921,Atka mackerel,Pleurogrammus monopterygius,Female,9,4315611.67171717,375.643050405003,27.3521949344671
1,2023-09-14 19:00:20,AI,2012,21921,Atka mackerel,Pleurogrammus monopterygius,Female,10,4003783.75,381.848734962272,17.5168107342897
1,2023-09-14 19:00:20,AI,2012,21921,Atka mackerel,Pleurogrammus monopterygius,Female,11,7101578.81060606,392.972797962,40.033392522348
1,2023-09-14 19:00:20,AI,2012,21921,Atka mackerel,Pleurogrammus monopterygius,Female,12,3390983.52727273,425.326714199814,25.8769917449361
1,2023-09-14 19:00:20,AI,2012,21921,Atka mackerel,Pleurogrammus monopterygius,Female,13,8195641.17121212,444.846661348157,28.0798214265196
1,2023-09-14 19:00:20,AI,2012,21921,Atka mackerel,Pleurogrammus monopterygius,Female,14,164492.166666667,496.248443441582,14.5222137506879
1,2023-09-14 19:00:20,AI,2012,21921,Atka mackerel,Pleurogrammus monopterygius,Male,-9,209510170,335.943534674236,54.9585204465852
1,2023-09-14 19:00:20,AI,2012,21921,Atka mackerel,Pleurogrammus monopterygius,Male,2,22241562.9619048,238.338592341244,20.8928867969869
1,2023-09-14 19:00:20,AI,2012,21921,Atka mackerel,Pleurogrammus monopterygius,Male,3,65335675.086075,302.549588125067,28.0512349478126
1,2023-09-14 19:00:20,AI,2012,21921,Atka mackerel,Pleurogrammus monopterygius,Male,4,22189958.0555944,344.16556972919,24.2467786572325
1,2023-09-14 19:00:20,AI,2012,21921,Atka mackerel,Pleurogrammus monopterygius,Male,5,46514481.9423271,366.46863117693,30.4275255729935
1,2023-09-14 19:00:20,AI,2012,21921,Atka mackerel,Pleurogrammus monopterygius,Male,6,30635449.2627428,378.826282122946,23.8844033641088
1,2023-09-14 19:00:20,AI,2012,21921,Atka mackerel,Pleurogrammus monopterygius,Male,7,8827499.87276612,383.227207799051,27.2510488847633
1,2023-09-14 19:00:20,AI,2012,21921,Atka mackerel,Pleurogrammus monopterygius,Male,8,3313450.65,394.908434051975,41.3084318090138
1,2023-09-14 19:00:20,AI,2012,21921,Atka mackerel,Pleurogrammus monopterygius,Male,9,4297103.40512821,412.621760196234,21.9430537094414
1,2023-09-14 19:00:20,AI,2012,21921,Atka mackerel,Pleurogrammus monopterygius,Male,10,1204881.46923077,421.000877130646,14.5929302045416
1,2023-09-14 19:00:20,AI,2012,21921,Atka mackerel,Pleurogrammus monopterygius,Male,11,645127.719230769,424.021987786831,21.655448570923
1,2023-09-14 19:00:20,AI,2012,21921,Atka mackerel,Pleurogrammus monopterygius,Male,12,2048902.2,403.458491088545,12.6871349727847
1,2023-09-14 19:00:20,AI,2012,21921,Atka mackerel,Pleurogrammus monopterygius,Male,13,1663796.875,424.28005897655,12.5418027402974
1,2023-09-14 19:00:20,AI,2012,21921,Atka mackerel,Pleurogrammus monopterygius,Male,17,592280.5,420,0
1,2023-09-14 19:00:20,AI,2014,21921,Atka mackerel,Pleurogrammus monopterygius,Female,-9,62561,524.549479707805,111.145912661696
1,2023-09-14 19:00:20,AI,2014,21921,Atka mackerel,Pleurogrammus monopterygius,Female,1,8360,110,10
1,2023-09-14 19:00:20,AI,2014,21921,Atka mackerel,Pleurogrammus monopterygius,Female,2,44776404.7619048,242.54408501395,15.3888869213211
1,2023-09-14 19:00:20,AI,2014,21921,Atka mackerel,Pleurogrammus monopterygius,Female,3,79351933.4880952,324.136104098017,32.9612908035019
1,2023-09-14 19:00:20,AI,2014,21921,Atka mackerel,Pleurogrammus monopterygius,Female,4,87240664.3388889,348.192137692062,33.5168424958025
1,2023-09-14 19:00:20,AI,2014,21921,Atka mackerel,Pleurogrammus monopterygius,Female,5,64963228.6706349,371.122872816276,33.2898289638984
1,2023-09-14 19:00:20,AI,2014,21921,Atka mackerel,Pleurogrammus monopterygius,Female,6,45716764.4761905,379.177219439083,18.9749680784916
1,2023-09-14 19:00:20,AI,2014,21921,Atka mackerel,Pleurogrammus monopterygius,Female,7,73636626.1595238,409.865963041498,32.0272746759952
1,2023-09-14 19:00:20,AI,2014,21921,Atka mackerel,Pleurogrammus monopterygius,Female,8,92246811.8904762,425.436340525554,28.1106917574832
1,2023-09-14 19:00:20,AI,2014,21921,Atka mackerel,Pleurogrammus monopterygius,Female,9,19106736.2857143,415.862397883248,25.1330468525725
1,2023-09-14 19:00:20,AI,2014,21921,Atka mackerel,Pleurogrammus monopterygius,Female,10,17789765.6428571,409.046396689797,19.4834168645685
1,2023-09-14 19:00:20,AI,2014,21921,Atka mackerel,Pleurogrammus monopterygius,Female,11,5496263.70238095,440.456935733383,25.6102359737055
1,2023-09-14 19:00:20,AI,2014,21921,Atka mackerel,Pleurogrammus monopterygius,Female,12,4197117.5,424.373270464789,36.8212618473803
1,2023-09-14 19:00:20,AI,2014,21921,Atka mackerel,Pleurogrammus monopterygius,Female,13,20132516.4166667,451.431058231224,21.4527695751449
1,2023-09-14 19:00:20,AI,2014,21921,Atka mackerel,Pleurogrammus monopterygius,Female,14,15615038.9166667,461.621463564823,4.75954505694353
1,2023-09-14 19:00:20,AI,2014,21921,Atka mackerel,Pleurogrammus monopterygius,Female,15,7041907.75,462.295947429871,10.4654668740981
1,2023-09-14 19:00:20,AI,2014,21921,Atka mackerel,Pleurogrammus monopterygius,Female,16,72159,533.422719272717,4.74470078164101
1,2023-09-14 19:00:20,AI,2014,21921,Atka mackerel,Pleurogrammus monopterygius,Male,-9,13961,525.897142038536,4.9188551678966
1,2023-09-14 19:00:20,AI,2014,21921,Atka mackerel,Pleurogrammus monopterygius,Male,1,8360,120,0
1,2023-09-14 19:00:20,AI,2014,21921,Atka mackerel,Pleurogrammus monopterygius,Male,2,65396385.4,241.548942367081,14.9888656747139
1,2023-09-14 19:00:20,AI,2014,21921,Atka mackerel,Pleurogrammus monopterygius,Male,3,73769950.7681485,338.353028261366,27.5252319518197
1,2023-09-14 19:00:20,AI,2014,21921,Atka mackerel,Pleurogrammus monopterygius,Male,4,65683145.3275974,340.363399078184,24.3214740118504
1,2023-09-14 19:00:20,AI,2014,21921,Atka mackerel,Pleurogrammus monopterygius,Male,5,66801187.8750777,374.207349072616,33.2588608396581
1,2023-09-14 19:00:20,AI,2014,21921,Atka mackerel,Pleurogrammus monopterygius,Male,6,40379721.5371989,385.632527932596,24.8967284418066
1,2023-09-14 19:00:20,AI,2014,21921,Atka mackerel,Pleurogrammus monopterygius,Male,7,97734685.3426185,403.728880237909,24.4791448623327
1,2023-09-14 19:00:20,AI,2014,21921,Atka mackerel,Pleurogrammus monopterygius,Male,8,55667752.5048757,413.810416046069,24.3615414647376
1,2023-09-14 19:00:20,AI,2014,21921,Atka mackerel,Pleurogrammus monopterygius,Male,9,17308481.7025641,415.542795583846,21.88328103003
1,2023-09-14 19:00:20,AI,2014,21921,Atka mackerel,Pleurogrammus monopterygius,Male,10,5182657.67045454,384.906785835957,4.99913103644722
1,2023-09-14 19:00:20,AI,2014,21921,Atka mackerel,Pleurogrammus monopterygius,Male,11,7473760.76767677,410.962437263137,28.0859131222037
1,2023-09-14 19:00:20,AI,2014,21921,Atka mackerel,Pleurogrammus monopterygius,Male,12,4078029.37878788,404.6901993539,33.4470927083004
1,2023-09-14 19:00:20,AI,2014,21921,Atka mackerel,Pleurogrammus monopterygius,Male,13,5701846.725,414.237624872317,22.9668034268271
1,2023-09-14 19:00:20,AI,2014,21921,Atka mackerel,Pleurogrammus monopterygius,Male,14,319554,470,0
1,2023-09-14 19:00:20,AI,2016,21921,Atka mackerel,Pleurogrammus monopterygius,Female,-9,199520,421.83129510826,122.807844403032
1,2023-09-14 19:00:20,AI,2016,21921,Atka mackerel,Pleurogrammus monopterygius,Female,2,13363536.75,263.005632472257,9.88714382399403
1,2023-09-14 19:00:20,AI,2016,21921,Atka mackerel,Pleurogrammus monopterygius,Female,3,128963043.469048,306.608193308199,22.3855144428652
1,2023-09-14 19:00:20,AI,2016,21921,Atka mackerel,Pleurogrammus monopterygius,Female,4,107511036.469264,333.436134447236,26.3113933336567
1,2023-09-14 19:00:20,AI,2016,21921,Atka mackerel,Pleurogrammus monopterygius,Female,5,34461591.221645,367.112038471403,22.0958679222812
1,2023-09-14 19:00:20,AI,2016,21921,Atka mackerel,Pleurogrammus monopterygius,Female,6,25634853.9929293,395.638334148754,19.8611603600408
1,2023-09-14 19:00:20,AI,2016,21921,Atka mackerel,Pleurogrammus monopterygius,Female,7,29702482.9163059,396.020773944791,21.2812042494429
1,2023-09-14 19:00:20,AI,2016,21921,Atka mackerel,Pleurogrammus monopterygius,Female,8,5272815.33333333,426.062955235932,30.673678187537
1,2023-09-14 19:00:20,AI,2016,21921,Atka mackerel,Pleurogrammus monopterygius,Female,9,25670113.2010101,425.351904965406,16.8033786772451
1,2023-09-14 19:00:20,AI,2016,21921,Atka mackerel,Pleurogrammus monopterygius,Female,10,41783297.7787879,433.851649743729,22.2648902028938
1,2023-09-14 19:00:20,AI,2016,21921,Atka mackerel,Pleurogrammus monopterygius,Female,11,11057261.0444444,432.983928125564,20.8096788200714
1,2023-09-14 19:00:20,AI,2016,21921,Atka mackerel,Pleurogrammus monopterygius,Female,12,7241794.82323232,422.730632960344,29.9718039275759
1,2023-09-14 19:00:20,AI,2016,21921,Atka mackerel,Pleurogrammus monopterygius,Male,-9,827554,228.131263941688,48.990315761734
1,2023-09-14 19:00:20,AI,2016,21921,Atka mackerel,Pleurogrammus monopterygius,Male,2,20532190.5,261.369205346112,11.8128204936215
1,2023-09-14 19:00:20,AI,2016,21921,Atka mackerel,Pleurogrammus monopterygius,Male,3,104034658.875,305.843260544838,17.5866424453687
1,2023-09-14 19:00:20,AI,2016,21921,Atka mackerel,Pleurogrammus monopterygius,Male,4,139877523.300505,328.525837606681,31.623797657415
1,2023-09-14 19:00:20,AI,2016,21921,Atka mackerel,Pleurogrammus monopterygius,Male,5,32702057.8763709,374.018003110796,33.83486889755
1,2023-09-14 19:00:20,AI,2016,21921,Atka mackerel,Pleurogrammus monopterygius,Male,6,26237360.671645,379.584616376455,18.6970822938541
1,2023-09-14 19:00:20,AI,2016,21921,Atka mackerel,Pleurogrammus monopterygius,Male,7,22634405.5944444,383.781670227673,27.1322977527838
1,2023-09-14 19:00:20,AI,2016,21921,Atka mackerel,Pleurogrammus monopterygius,Male,8,13193686.2837662,402.875700034689,29.621467083014
1,2023-09-14 19:00:20,AI,2016,21921,Atka mackerel,Pleurogrammus monopterygius,Male,9,12254365.8735931,415.865209908039,23.0287299966821
1,2023-09-14 19:00:20,AI,2016,21921,Atka mackerel,Pleurogrammus monopterygius,Male,10,10353116.5792208,411.592187066141,15.5891122672434
1,2023-09-14 19:00:20,AI,2016,21921,Atka mackerel,Pleurogrammus monopterygius,Male,11,4198683.44545455,403.319695133266,4.7092011588835
1,2023-09-14 19:00:20,AI,2018,21921,Atka mackerel,Pleurogrammus monopterygius,Female,-9,2080638,235.259482908608,30.9945664801009
1,2023-09-14 19:00:20,AI,2018,21921,Atka mackerel,Pleurogrammus monopterygius,Female,2,9636407.66666667,244.901932853747,19.2026382712534
1,2023-09-14 19:00:20,AI,2018,21921,Atka mackerel,Pleurogrammus monopterygius,Female,3,36644029.5844281,333.966379196555,22.4419123677781
1,2023-09-14 19:00:20,AI,2018,21921,Atka mackerel,Pleurogrammus monopterygius,Female,4,6258922.84069019,355.550002113728,14.7472400980567
1,2023-09-14 19:00:20,AI,2018,21921,Atka mackerel,Pleurogrammus monopterygius,Female,5,49933770.3809711,392.271728374389,35.584584987151
1,2023-09-14 19:00:20,AI,2018,21921,Atka mackerel,Pleurogrammus monopterygius,Female,6,73073647.3729603,389.753346506251,34.5335124682724
1,2023-09-14 19:00:20,AI,2018,21921,Atka mackerel,Pleurogrammus monopterygius,Female,7,35733658.0180181,427.213846800432,24.6750224214814
1,2023-09-14 19:00:20,AI,2018,21921,Atka mackerel,Pleurogrammus monopterygius,Female,8,19074795.7469515,424.07735304032,26.4661772179475
1,2023-09-14 19:00:20,AI,2018,21921,Atka mackerel,Pleurogrammus monopterygius,Female,9,35329769.7387565,436.735592003137,18.0938674637036
1,2023-09-14 19:00:20,AI,2018,21921,Atka mackerel,Pleurogrammus monopterygius,Female,10,7449007.38098848,436.724810732498,26.0107617543355
1,2023-09-14 19:00:20,AI,2018,21921,Atka mackerel,Pleurogrammus monopterygius,Female,11,13127273.5669806,433.54458200688,28.0572923690231
1,2023-09-14 19:00:20,AI,2018,21921,Atka mackerel,Pleurogrammus monopterygius,Female,12,10710443.4612091,447.364151438404,21.8631732103608
1,2023-09-14 19:00:20,AI,2018,21921,Atka mackerel,Pleurogrammus monopterygius,Female,13,1243781.24137931,440,0
1,2023-09-14 19:00:20,AI,2018,21921,Atka mackerel,Pleurogrammus monopterygius,Male,-9,421789,400.558644251035,120.507936091703
1,2023-09-14 19:00:20,AI,2018,21921,Atka mackerel,Pleurogrammus monopterygius,Male,2,12462039.5,240.128646679382,17.7964931822846
1,2023-09-14 19:00:20,AI,2018,21921,Atka mackerel,Pleurogrammus monopterygius,Male,3,38254393.4185936,336.375297956942,25.2066216379739
1,2023-09-14 19:00:20,AI,2018,21921,Atka mackerel,Pleurogrammus monopterygius,Male,4,10134676.3711956,354.97971908085,33.919178356781
1,2023-09-14 19:00:20,AI,2018,21921,Atka mackerel,Pleurogrammus monopterygius,Male,5,33020611.3709073,385.233685553367,27.5182205810594
1,2023-09-14 19:00:20,AI,2018,21921,Atka mackerel,Pleurogrammus monopterygius,Male,6,35424808.2302144,393.482259514153,30.7322192463315
1,2023-09-14 19:00:20,AI,2018,21921,Atka mackerel,Pleurogrammus monopterygius,Male,7,19179578.436073,401.646209429834,27.5766634280303
1,2023-09-14 19:00:20,AI,2018,21921,Atka mackerel,Pleurogrammus monopterygius,Male,8,10591567.2793988,406.534021246482,15.0929580819656
1,2023-09-14 19:00:20,AI,2018,21921,Atka mackerel,Pleurogrammus monopterygius,Male,9,9364403.13999907,415.101284397738,21.5220182515605
1,2023-09-14 19:00:20,AI,2018,21921,Atka mackerel,Pleurogrammus monopterygius,Male,10,3815154.15338576,421.282465532699,19.9750079005473
1,2023-09-14 19:00:20,AI,2018,21921,Atka mackerel,Pleurogrammus monopterygius,Male,11,3352567.55973399,402.57908628593,27.2509349771741
1,2023-09-14 19:00:20,AI,2018,21921,Atka mackerel,Pleurogrammus monopterygius,Male,12,2339846.06049853,421.493974749377,12.5565277029626
1,2023-09-14 19:00:20,AI,2018,21921,Atka mackerel,Pleurogrammus monopterygius,Male,13,655743.48,430,0